name,type,height,weight,color,longevity,healthProblems,imageUrl,officialLink,kennelClubCategory,size,exerciseNeeds,grooming,temperament,goodWithChildren
Affenpinscher,Toy,20-35 cm,5-10 kg,Various,Over 12 years,Varies by breed - consult veterinarian,https://www.thekennelclub.org.uk/media/1598/affenpinscher.jpg?rmode=crop&ranchor=center&width=81&height=81&v=1d8265fb5361a40,https://www.thekennelclub.org.uk/search/breeds-a-to-z/breeds/toy/affenpinscher/,Toy,Small/ medium garden,Up to 1 hour per day,More than once a week,,
Afghan Hound,Hound,50-65 cm,25-40 kg,Various,Over 10 years,Varies by breed - consult veterinarian,https://www.thekennelclub.org.uk/media/2905/afghan-hound-illustration.jpg?rmode=crop&ranchor=center&width=81&height=81&v=1d57508f6ee53e0,https://www.thekennelclub.org.uk/search/breeds-a-to-z/breeds/hound/afghan-hound/,Hound,Large garden,More than 2 hours per day,Every day,,
Airedale Terrier,Terrier,50-65 cm,25-40 kg,Various,Over 10 years,Varies by breed - consult veterinarian,https://www.thekennelclub.org.uk/media/1517/airedale-terrier-illustration.jpg?rmode=crop&ranchor=center&width=81&height=81&v=1d57810554dce70,https://www.thekennelclub.org.uk/search/breeds-a-to-z/breeds/terrier/airedale-terrier/,Terrier,Large garden,Up to 1 hour per day,Every day,,
Akita,Non-Sporting,50-65 cm,25-40 kg,Various,Over 10 years,Varies by breed - consult veterinarian,https://www.thekennelclub.org.uk/media/2907/akita-illustration.jpg?rmode=crop&ranchor=center&width=81&height=81&v=1d57818d57ec1a0,https://www.thekennelclub.org.uk/search/breeds-a-to-z/breeds/utility/akita/,Utility,Large garden,More than 2 hours per day,Once a week,,
Alaskan Malamute,Working,50-65 cm,25-40 kg,Various,Over 10 years,Varies by breed - consult veterinarian,https://www.thekennelclub.org.uk/media/2906/alaskan-malamute-illustration.jpg?rmode=crop&ranchor=center&width=81&height=81&v=1d57826c8ab7d70,https://www.thekennelclub.org.uk/search/breeds-a-to-z/breeds/working/alaskan-malamute/,Working,Large garden,More than 2 hours per day,Every day,,
Anatolian Shepherd Dog,Herding,50-65 cm,25-40 kg,Various,Over 10 years,Varies by breed - consult veterinarian,https://www.thekennelclub.org.uk/media/1910/anatolian-shepherd-dog-llustration-resized.jpg?rmode=crop&ranchor=center&width=81&height=81&v=1d5750ec72f85b0,https://www.thekennelclub.org.uk/search/breeds-a-to-z/breeds/pastoral/anatolian-shepherd-dog/,Pastoral,Large garden,More than 2 hours per day,More than once a week,,
Australian Cattle Dog,Herding,20-35 cm,5-10 kg,Various,Over 10 years,Varies by breed - consult veterinarian,https://www.thekennelclub.org.uk/media/1410/australian-cattle-dog-illustration.jpg?rmode=crop&ranchor=center&width=81&height=81&v=1d5750ecfaed0b0,https://www.thekennelclub.org.uk/search/breeds-a-to-z/breeds/pastoral/australian-cattle-dog/,Pastoral,Small/ medium garden,More than 2 hours per day,Once a week,,
Australian Shepherd,Herding,50-65 cm,25-40 kg,Various,Over 10 years,Varies by breed - consult veterinarian,https://www.thekennelclub.org.uk/media/1413/australian-shepherd.jpg?rmode=crop&ranchor=center&width=81&height=81&v=1d8265bba231390,https://www.thekennelclub.org.uk/search/breeds-a-to-z/breeds/pastoral/australian-shepherd/,Pastoral,Large garden,More than 2 hours per day,More than once a week,,
Australian Silky Terrier,Toy,20-35 cm,5-10 kg,Various,Over 12 years,Varies by breed - consult veterinarian,https://www.thekennelclub.org.uk/media/1601/australian-silky-terrier.jpg?rmode=crop&ranchor=center&width=81&height=81&v=1d826597920d7d0,https://www.thekennelclub.org.uk/search/breeds-a-to-z/breeds/toy/australian-silky-terrier/,Toy,Small/ medium garden,Up to 30 minutes per day,Every day,,
Australian Terrier,Terrier,20-35 cm,5-10 kg,Various,Over 12 years,Varies by breed - consult veterinarian,https://www.thekennelclub.org.uk/media/1520/australian-terrier-illustration.jpg?rmode=crop&ranchor=center&width=81&height=81&v=1d578111bcf1130,https://www.thekennelclub.org.uk/search/breeds-a-to-z/breeds/terrier/australian-terrier/,Terrier,Small/ medium garden,Up to 1 hour per day,More than once a week,,
Azawakh (Imp),Hound,50-65 cm,25-40 kg,Various,Over 10 years,Varies by breed - consult veterinarian,https://www.thekennelclub.org.uk/media/2908/azawakh-illustration.jpg?rmode=crop&ranchor=center&width=81&height=81&v=1d5750928acdaf0,https://www.thekennelclub.org.uk/search/breeds-a-to-z/breeds/hound/azawakh-imp/,Hound,Large garden,More than 2 hours per day,Once a week,,
Barbet (Imp),Sporting,20-35 cm,5-10 kg,Various,Over 10 years,Varies by breed - consult veterinarian,https://www.thekennelclub.org.uk/media/3247/barbet-illustration.jpg?rmode=crop&ranchor=center&width=81&height=81&v=1da9620d03f2510,https://www.thekennelclub.org.uk/search/breeds-a-to-z/breeds/gundog/barbet-imp/,Gundog,Small/ medium garden,Up to 1 hour per day,More than once a week,,
Basenji,Hound,20-35 cm,5-10 kg,Various,Over 12 years,Varies by breed - consult veterinarian,https://www.thekennelclub.org.uk/media/2658/basenji-illustration.jpg?rmode=crop&ranchor=center&width=81&height=81&v=1d57509438b8470,https://www.thekennelclub.org.uk/search/breeds-a-to-z/breeds/hound/basenji/,Hound,Small/ medium garden,Up to 1 hour per day,Once a week,,
Basset Bleu De Gascogne (Imp),Hound,50-65 cm,25-40 kg,Various,Over 10 years,Varies by breed - consult veterinarian,https://www.thekennelclub.org.uk/media/2909/basset-bleu-de-gascogne-illustration.jpg?rmode=crop&ranchor=center&width=81&height=81&v=1d5750955943770,https://www.thekennelclub.org.uk/search/breeds-a-to-z/breeds/hound/basset-bleu-de-gascogne-imp/,Hound,Large garden,More than 2 hours per day,Once a week,,
Basset Fauve De Bretagne,Hound,50-65 cm,25-40 kg,Various,Over 12 years,Varies by breed - consult veterinarian,https://www.thekennelclub.org.uk/media/2916/basset-fauve-de-bretagne.jpg?rmode=crop&ranchor=center&width=81&height=81&v=1d826656a069bc0,https://www.thekennelclub.org.uk/search/breeds-a-to-z/breeds/hound/basset-fauve-de-bretagne/,Hound,Large garden,More than 2 hours per day,Once a week,,
Basset Griffon Vendeen (Grand),Hound,50-65 cm,25-40 kg,Various,Over 10 years,Varies by breed - consult veterinarian,https://www.thekennelclub.org.uk/media/2921/basset-griffon-vendeen-grand-illustration.jpg?rmode=crop&ranchor=center&width=81&height=81&v=1d5750ad0e7c2b0,https://www.thekennelclub.org.uk/search/breeds-a-to-z/breeds/hound/basset-griffon-vendeen-grand/,Hound,Large garden,More than 2 hours per day,Every day,,
Basset Griffon Vendeen (Petit),Hound,20-35 cm,5-10 kg,Various,Over 10 years,Varies by breed - consult veterinarian,https://www.thekennelclub.org.uk/media/2912/basset-griffon-vendeen-petit.jpg?rmode=crop&ranchor=center&width=81&height=81&v=1d826651bdcb0b0,https://www.thekennelclub.org.uk/search/breeds-a-to-z/breeds/hound/basset-griffon-vendeen-petit/,Hound,Small/ medium garden,Up to 1 hour per day,More than once a week,,
Basset Hound,Hound,20-35 cm,5-10 kg,Various,Over 10 years,Varies by breed - consult veterinarian,https://www.thekennelclub.org.uk/media/2911/basset-hound-illustration.jpg?rmode=crop&ranchor=center&width=81&height=81&v=1d5750af800ea70,https://www.thekennelclub.org.uk/search/breeds-a-to-z/breeds/hound/basset-hound/,Hound,Small/ medium garden,Up to 1 hour per day,Once a week,,
Bavarian Mountain Hound,Hound,50-65 cm,25-40 kg,Various,Over 10 years,Varies by breed - consult veterinarian,https://www.thekennelclub.org.uk/media/2915/bavarian-mountain-dog.jpg?rmode=crop&ranchor=center&width=81&height=81&v=1d826666c4b6630,https://www.thekennelclub.org.uk/search/breeds-a-to-z/breeds/hound/bavarian-mountain-hound/,Hound,Large garden,More than 2 hours per day,Once a week,,
Beagle,Hound,20-35 cm,5-10 kg,Various,Over 12 years,Varies by breed - consult veterinarian,https://www.thekennelclub.org.uk/media/1353/beagle-illustration.jpg?rmode=crop&ranchor=center&width=81&height=81&v=1d5750b1d4d6880,https://www.thekennelclub.org.uk/search/breeds-a-to-z/breeds/hound/beagle/,Hound,Small/ medium garden,Up to 1 hour per day,Once a week,,
Bearded Collie,Herding,50-65 cm,25-40 kg,Various,Over 12 years,Varies by breed - consult veterinarian,https://www.thekennelclub.org.uk/media/1416/bearded-collie-illustration.jpg?rmode=crop&ranchor=center&width=81&height=81&v=1d5750efe643670,https://www.thekennelclub.org.uk/search/breeds-a-to-z/breeds/pastoral/bearded-collie/,Pastoral,Large garden,Up to 1 hour per day,Every day,,
Beauceron,Herding,50-65 cm,25-40 kg,Various,Over 10 years,Varies by breed - consult veterinarian,https://www.thekennelclub.org.uk/media/1419/beauceron-illustratiaon.jpg?rmode=crop&ranchor=center&width=81&height=81&v=1d5750f1b7e02e0,https://www.thekennelclub.org.uk/search/breeds-a-to-z/breeds/pastoral/beauceron/,Pastoral,Large garden,More than 2 hours per day,More than once a week,,
Bedlington Terrier,Terrier,20-35 cm,5-10 kg,Various,Over 10 years,Varies by breed - consult veterinarian,https://www.thekennelclub.org.uk/media/1523/bedlington-terrier-illustration.jpg?rmode=crop&ranchor=center&width=81&height=81&v=1d578112e9324f0,https://www.thekennelclub.org.uk/search/breeds-a-to-z/breeds/terrier/bedlington-terrier/,Terrier,Small/ medium garden,Up to 1 hour per day,Once a week,,
Belgian Shepherd Dog (Groenendael),Herding,50-65 cm,25-40 kg,Various,Over 10 years,Varies by breed - consult veterinarian,https://www.thekennelclub.org.uk/media/4910/belgian-shepherd-dog.jpg?rmode=crop&ranchor=center&width=81&height=81&v=1d826557940dfc0,https://www.thekennelclub.org.uk/search/breeds-a-to-z/breeds/pastoral/belgian-shepherd-dog-groenendael/,Pastoral,Large garden,More than 2 hours per day,More than once a week,,
Belgian Shepherd Dog (Laekenois),Herding,50-65 cm,25-40 kg,Various,Over 10 years,Varies by breed - consult veterinarian,https://www.thekennelclub.org.uk/media/1425/belgian-shepherd-dog-laekenois-illustration.jpg?rmode=crop&ranchor=center&width=81&height=81&v=1d5751e4e20aa90,https://www.thekennelclub.org.uk/search/breeds-a-to-z/breeds/pastoral/belgian-shepherd-dog-laekenois/,Pastoral,Large garden,More than 2 hours per day,More than once a week,,
Belgian Shepherd Dog (Malinois),Herding,50-65 cm,25-40 kg,Various,Over 10 years,Varies by breed - consult veterinarian,https://www.thekennelclub.org.uk/media/1428/belgian-shepherd-dog-malinois-illustration.jpg?rmode=crop&ranchor=center&width=81&height=81&v=1d5751e6d6b12a0,https://www.thekennelclub.org.uk/search/breeds-a-to-z/breeds/pastoral/belgian-shepherd-dog-malinois/,Pastoral,Large garden,More than 2 hours per day,More than once a week,,
Belgian Shepherd Dog (Tervueren),Herding,50-65 cm,25-40 kg,Various,Over 10 years,Varies by breed - consult veterinarian,https://www.thekennelclub.org.uk/media/1431/belgian-shepherd-dog-tervueren-illustration.jpg?rmode=crop&ranchor=center&width=81&height=81&v=1d5751e92aabf70,https://www.thekennelclub.org.uk/search/breeds-a-to-z/breeds/pastoral/belgian-shepherd-dog-tervueren/,Pastoral,Large garden,More than 2 hours per day,More than once a week,,
Bergamasco (Imp),Herding,20-35 cm,5-10 kg,Various,Over 12 years,Varies by breed - consult veterinarian,https://www.thekennelclub.org.uk/media/1434/bergamasco-illustration.jpg?rmode=crop&ranchor=center&width=81&height=81&v=1d5751ee9fae3e0,https://www.thekennelclub.org.uk/search/breeds-a-to-z/breeds/pastoral/bergamasco-imp/,Pastoral,Small/ medium garden,Up to 1 hour per day,More than once a week,,
Bernese Mountain Dog,Working,50-65 cm,25-40 kg,Various,Under 10 years,Varies by breed - consult veterinarian,https://www.thekennelclub.org.uk/media/2919/bernese-mountain-dog-illustration.jpg?rmode=crop&ranchor=center&width=81&height=81&v=1d57826d3fd2250,https://www.thekennelclub.org.uk/search/breeds-a-to-z/breeds/working/bernese-mountain-dog/,Working,Large garden,Up to 1 hour per day,More than once a week,,
Bichon Frise,Toy,20-35 cm,5-10 kg,Various,Over 12 years,Varies by breed - consult veterinarian,https://www.thekennelclub.org.uk/media/1604/bichon-frise-illustration.jpg?rmode=crop&ranchor=center&width=81&height=81&v=1d57816910c8c70,https://www.thekennelclub.org.uk/search/breeds-a-to-z/breeds/toy/bichon-frise/,Toy,Small/ medium garden,Up to 30 minutes per day,Every day,,
Black & Tan Coonhound (Imp),Hound,50-65 cm,25-40 kg,Various,Over 10 years,Varies by breed - consult veterinarian,https://www.thekennelclub.org.uk/media/2659/black-and-tan-coonhound.jpg?rmode=crop&ranchor=center&width=81&height=81&v=1d5750b321f4da0,https://www.thekennelclub.org.uk/search/breeds-a-to-z/breeds/hound/black-tan-coonhound-imp/,Hound,Large garden,Up to 1 hour per day,Once a week,,
Bloodhound,Hound,50-65 cm,25-40 kg,Various,Under 10 years,Varies by breed - consult veterinarian,https://www.thekennelclub.org.uk/media/1355/bloodhound-illustration.jpg?rmode=crop&ranchor=center&width=81&height=81&v=1d5750b49f34f30,https://www.thekennelclub.org.uk/search/breeds-a-to-z/breeds/hound/bloodhound/,Hound,Large garden,More than 2 hours per day,Once a week,,
Bolognese,Toy,20-35 cm,5-10 kg,Various,Over 12 years,Varies by breed - consult veterinarian,https://www.thekennelclub.org.uk/media/1607/bolognese.jpg?rmode=crop&ranchor=center&width=81&height=81&v=1d82666b0077cb0,https://www.thekennelclub.org.uk/search/breeds-a-to-z/breeds/toy/bolognese/,Toy,Small/ medium garden,Up to 30 minutes per day,Every day,,
Border Collie,Herding,50-65 cm,25-40 kg,Various,Over 12 years,Varies by breed - consult veterinarian,https://www.thekennelclub.org.uk/media/1435/border-collie-illustration.jpg?rmode=crop&ranchor=center&width=81&height=81&v=1d5751f06232460,https://www.thekennelclub.org.uk/search/breeds-a-to-z/breeds/pastoral/border-collie/,Pastoral,Large garden,More than 2 hours per day,More than once a week,,
Border Terrier,Terrier,20-35 cm,5-10 kg,Various,Over 12 years,Varies by breed - consult veterinarian,https://www.thekennelclub.org.uk/media/1526/border-terrier-illustration.jpg?rmode=crop&ranchor=center&width=81&height=81&v=1d5781143382db0,https://www.thekennelclub.org.uk/search/breeds-a-to-z/breeds/terrier/border-terrier/,Terrier,Small/ medium garden,Up to 1 hour per day,More than once a week,,
Borzoi,Hound,50-65 cm,25-40 kg,Various,Over 10 years,Varies by breed - consult veterinarian,https://www.thekennelclub.org.uk/media/2914/borzoi-illustration.jpg?rmode=crop&ranchor=center&width=81&height=81&v=1d5750b5e468e70,https://www.thekennelclub.org.uk/search/breeds-a-to-z/breeds/hound/borzoi/,Hound,Large garden,Up to 1 hour per day,More than once a week,,
Boston Terrier,Non-Sporting,20-35 cm,5-10 kg,Various,Over 10 years,Varies by breed - consult veterinarian,https://www.thekennelclub.org.uk/media/2910/boston-terrier-illustration.jpg?rmode=crop&ranchor=center&width=81&height=81&v=1d57818e11e3860,https://www.thekennelclub.org.uk/search/breeds-a-to-z/breeds/utility/boston-terrier/,Utility,Small/ medium garden,Up to 1 hour per day,Once a week,,
Bouvier Des Flandres,Working,50-65 cm,25-40 kg,Various,Over 10 years,Varies by breed - consult veterinarian,https://www.thekennelclub.org.uk/media/2917/bouvier-des-flandres-illustration.jpg?rmode=crop&ranchor=center&width=81&height=81&v=1d57826e01fd2d0,https://www.thekennelclub.org.uk/search/breeds-a-to-z/breeds/working/bouvier-des-flandres/,Working,Large garden,Up to 1 hour per day,Every day,,
Boxer,Working,50-65 cm,25-40 kg,Various,Over 10 years,Varies by breed - consult veterinarian,https://www.thekennelclub.org.uk/media/2918/boxer-illustration.jpg?rmode=crop&ranchor=center&width=81&height=81&v=1d57826ec61f230,https://www.thekennelclub.org.uk/search/breeds-a-to-z/breeds/working/boxer/,Working,Large garden,More than 2 hours per day,Once a week,,
Bracco Italiano,Sporting,50-65 cm,25-40 kg,Various,Under 10 years,Varies by breed - consult veterinarian,https://www.thekennelclub.org.uk/media/1052/bracco-italiano-illustration-resized.jpg?rmode=crop&ranchor=center&width=81&height=81&v=1d574f7850d8ea0,https://www.thekennelclub.org.uk/search/breeds-a-to-z/breeds/gundog/bracco-italiano/,Gundog,Large garden,More than 2 hours per day,Once a week,,
Braque D’Auvergne (Imp),Sporting,50-65 cm,25-40 kg,Various,Over 10 years,Varies by breed - consult veterinarian,https://www.thekennelclub.org.uk/media/1160/braque-d-auvergne-illustration-resized.jpg?rmode=crop&ranchor=center&width=81&height=81&v=1d574f78b556030,https://www.thekennelclub.org.uk/search/breeds-a-to-z/breeds/gundog/braque-d-auvergne-imp/,Gundog,Large garden,More than 2 hours per day,Once a week,,
Briard,Herding,50-65 cm,25-40 kg,Various,Over 10 years,Varies by breed - consult veterinarian,https://www.thekennelclub.org.uk/media/1438/briard-illustration.jpg?rmode=crop&ranchor=center&width=81&height=81&v=1d5751f1c6bf210,https://www.thekennelclub.org.uk/search/breeds-a-to-z/breeds/pastoral/briard/,Pastoral,Large garden,More than 2 hours per day,Every day,,
Brittany,Sporting,50-65 cm,25-40 kg,Various,Over 10 years,Varies by breed - consult veterinarian,https://www.thekennelclub.org.uk/media/1161/brittany-illustration-resized.jpg?rmode=crop&ranchor=center&width=81&height=81&v=1d57503dc0eb240,https://www.thekennelclub.org.uk/search/breeds-a-to-z/breeds/gundog/brittany/,Gundog,Large garden,More than 2 hours per day,More than once a week,,
Bull Terrier,Terrier,20-35 cm,5-10 kg,Various,Over 10 years,Varies by breed - consult veterinarian,https://www.thekennelclub.org.uk/media/1529/bull-terrier-illustration.jpg?rmode=crop&ranchor=center&width=81&height=81&v=1d578120b202c60,https://www.thekennelclub.org.uk/search/breeds-a-to-z/breeds/terrier/bull-terrier/,Terrier,Small/ medium garden,Up to 1 hour per day,Once a week,,
Bull Terrier (Miniature),Terrier,20-35 cm,5-10 kg,Various,Over 10 years,Varies by breed - consult veterinarian,https://www.thekennelclub.org.uk/media/1534/bull-terrier-miniature-illustration.jpg?rmode=crop&ranchor=center&width=81&height=81&v=1d578123abe6b80,https://www.thekennelclub.org.uk/search/breeds-a-to-z/breeds/terrier/bull-terrier-miniature/,Terrier,Small/ medium garden,Up to 1 hour per day,Once a week,,
Bulldog,Non-Sporting,20-35 cm,5-10 kg,Various,Under 10 years,Varies by breed - consult veterinarian,https://www.thekennelclub.org.uk/media/2913/bulldog-illustration.jpg?rmode=crop&ranchor=center&width=81&height=81&v=1d57818ef8f6cc0,https://www.thekennelclub.org.uk/search/breeds-a-to-z/breeds/utility/bulldog/,Utility,Small/ medium garden,Up to 1 hour per day,Once a week,,
Bullmastiff,Working,50-65 cm,25-40 kg,Various,Under 10 years,Varies by breed - consult veterinarian,https://www.thekennelclub.org.uk/media/2920/bullmastiff-illustration.jpg?rmode=crop&ranchor=center&width=81&height=81&v=1d57826faeca200,https://www.thekennelclub.org.uk/search/breeds-a-to-z/breeds/working/bullmastiff/,Working,Large garden,More than 2 hours per day,Once a week,,
Cairn Terrier,Terrier,20-35 cm,5-10 kg,Various,Over 10 years,Varies by breed - consult veterinarian,https://www.thekennelclub.org.uk/media/1535/cairn-terrier-illustration.jpg?rmode=crop&ranchor=center&width=81&height=81&v=1d578124a1481a0,https://www.thekennelclub.org.uk/search/breeds-a-to-z/breeds/terrier/cairn-terrier/,Terrier,Small/ medium garden,Up to 1 hour per day,More than once a week,,
Canaan Dog,Non-Sporting,20-35 cm,5-10 kg,Various,Over 12 years,Varies by breed - consult veterinarian,https://www.thekennelclub.org.uk/media/2925/canaan-dog-illustration.jpg?rmode=crop&ranchor=center&width=81&height=81&v=1d578190014b410,https://www.thekennelclub.org.uk/search/breeds-a-to-z/breeds/utility/canaan-dog/,Utility,Small/ medium garden,Up to 1 hour per day,Once a week,,
Canadian Eskimo Dog,Working,50-65 cm,25-40 kg,Various,Over 10 years,Varies by breed - consult veterinarian,https://www.thekennelclub.org.uk/media/2924/canadian-eskimo-dog-illustration.jpg?rmode=crop&ranchor=center&width=81&height=81&v=1d5782777be1020,https://www.thekennelclub.org.uk/search/breeds-a-to-z/breeds/working/canadian-eskimo-dog/,Working,Large garden,More than 2 hours per day,Once a week,,
Catalan Sheepdog,Herding,20-35 cm,5-10 kg,Various,Over 10 years,Varies by breed - consult veterinarian,https://www.thekennelclub.org.uk/media/1441/catalan-sheepdog-illustration.jpg?rmode=crop&ranchor=center&width=81&height=81&v=1d5751f2d775950,https://www.thekennelclub.org.uk/search/breeds-a-to-z/breeds/pastoral/catalan-sheepdog/,Pastoral,Small/ medium garden,Up to 1 hour per day,Once a week,,
Cavalier King Charles Spaniel,Toy,20-35 cm,5-10 kg,Various,Over 12 years,Varies by breed - consult veterinarian,https://www.thekennelclub.org.uk/media/1612/cavalier-king-charles-spaniel-illustration.jpg?rmode=crop&ranchor=center&width=81&height=81&v=1d57816c54450e0,https://www.thekennelclub.org.uk/search/breeds-a-to-z/breeds/toy/cavalier-king-charles-spaniel/,Toy,Small/ medium garden,Up to 1 hour per day,More than once a week,,
Cesky Terrier,Terrier,20-35 cm,5-10 kg,Various,Over 12 years,Varies by breed - consult veterinarian,https://www.thekennelclub.org.uk/media/1538/cesky-terrier-illustration.jpg?rmode=crop&ranchor=center&width=81&height=81&v=1d57812fceafa20,https://www.thekennelclub.org.uk/search/breeds-a-to-z/breeds/terrier/cesky-terrier/,Terrier,Small/ medium garden,Up to 1 hour per day,More than once a week,,
Chihuahua (Long Coat),Toy,20-35 cm,5-10 kg,Various,Over 12 years,Varies by breed - consult veterinarian,https://www.thekennelclub.org.uk/media/1615/chihuahua-long-coat-illustration.jpg?rmode=crop&ranchor=center&width=81&height=81&v=1d57816d74a92e0,https://www.thekennelclub.org.uk/search/breeds-a-to-z/breeds/toy/chihuahua-long-coat/,Toy,Small/ medium garden,Up to 30 minutes per day,Once a week,,
Chihuahua (Smooth Coat),Toy,20-35 cm,5-10 kg,Various,Over 12 years,Varies by breed - consult veterinarian,https://www.thekennelclub.org.uk/media/1618/chihuahua-smooth-coat-illustration.jpg?rmode=crop&ranchor=center&width=81&height=81&v=1d57816ee73ae70,https://www.thekennelclub.org.uk/search/breeds-a-to-z/breeds/toy/chihuahua-smooth-coat/,Toy,Small/ medium garden,Up to 30 minutes per day,Once a week,,
Chinese Crested,Toy,20-35 cm,5-10 kg,Various,Over 12 years,Varies by breed - consult veterinarian,https://www.thekennelclub.org.uk/media/1619/chinese-crested-illustration.jpg?rmode=crop&ranchor=center&width=81&height=81&v=1d57816f6280850,https://www.thekennelclub.org.uk/search/breeds-a-to-z/breeds/toy/chinese-crested/,Toy,Small/ medium garden,Up to 30 minutes per day,Once a week,,
Chow Chow,Non-Sporting,20-35 cm,5-10 kg,Various,Under 10 years,Varies by breed - consult veterinarian,https://www.thekennelclub.org.uk/media/1680/chow-chow-illustration.jpg?rmode=crop&ranchor=center&width=81&height=81&v=1d5781911042ee0,https://www.thekennelclub.org.uk/search/breeds-a-to-z/breeds/utility/chow-chow/,Utility,Small/ medium garden,Up to 1 hour per day,Every day,,
Cirneco Dell'Etna,Hound,20-35 cm,5-10 kg,Various,Over 10 years,Varies by breed - consult veterinarian,https://www.thekennelclub.org.uk/media/2922/cirneco-delletna-illustration.jpg?rmode=crop&ranchor=center&width=81&height=81&v=1d5750b71302b90,https://www.thekennelclub.org.uk/search/breeds-a-to-z/breeds/hound/cirneco-delletna/,Hound,Small/ medium garden,Up to 1 hour per day,Once a week,,
Collie (Rough),Herding,50-65 cm,25-40 kg,Various,Over 12 years,Varies by breed - consult veterinarian,https://www.thekennelclub.org.uk/media/1446/collie-rough-illustration.jpg?rmode=crop&ranchor=center&width=81&height=81&v=1d5751f80214e40,https://www.thekennelclub.org.uk/search/breeds-a-to-z/breeds/pastoral/collie-rough/,Pastoral,Large garden,Up to 1 hour per day,Every day,,
Collie (Smooth),Herding,50-65 cm,25-40 kg,Various,Over 10 years,Varies by breed - consult veterinarian,https://www.thekennelclub.org.uk/media/1449/collie-smooth-illustration.jpg?rmode=crop&ranchor=center&width=81&height=81&v=1d5751f8fad4170,https://www.thekennelclub.org.uk/search/breeds-a-to-z/breeds/pastoral/collie-smooth/,Pastoral,Large garden,Up to 1 hour per day,Once a week,,
Coton De Tulear,Toy,20-35 cm,5-10 kg,Various,Over 12 years,Varies by breed - consult veterinarian,https://www.thekennelclub.org.uk/media/1622/cotton.jpg?rmode=crop&ranchor=center&width=81&height=81&v=1d8265721bbddc0,https://www.thekennelclub.org.uk/search/breeds-a-to-z/breeds/toy/coton-de-tulear/,Toy,Small/ medium garden,Up to 30 minutes per day,Every day,,
Dachshund (Long Haired),Hound,20-35 cm,5-10 kg,Various,Over 12 years,Varies by breed - consult veterinarian,https://www.thekennelclub.org.uk/media/2926/dachshund-long-haired-illustration.jpg?rmode=crop&ranchor=center&width=81&height=81&v=1d5750b87691ac0,https://www.thekennelclub.org.uk/search/breeds-a-to-z/breeds/hound/dachshund-long-haired/,Hound,Small/ medium garden,Up to 1 hour per day,More than once a week,,
Dachshund (Miniature Long Haired),Hound,20-35 cm,5-10 kg,Various,Over 12 years,Varies by breed - consult veterinarian,https://www.thekennelclub.org.uk/media/2927/dachshund-miniature-long-haired-illustration.jpg?rmode=crop&ranchor=center&width=81&height=81&v=1d5750b97acc530,https://www.thekennelclub.org.uk/search/breeds-a-to-z/breeds/hound/dachshund-miniature-long-haired/,Hound,Small/ medium garden,Up to 1 hour per day,More than once a week,,
Dachshund (Miniature Smooth Haired),Hound,20-35 cm,5-10 kg,Various,Over 12 years,Varies by breed - consult veterinarian,https://www.thekennelclub.org.uk/media/2928/dachshund-miniature-smooth-haired-illustration.jpg?rmode=crop&ranchor=center&width=81&height=81&v=1d5750baa2c07c0,https://www.thekennelclub.org.uk/search/breeds-a-to-z/breeds/hound/dachshund-miniature-smooth-haired/,Hound,Small/ medium garden,Up to 1 hour per day,Once a week,,
Dachshund (Miniature Wire Haired),Hound,20-35 cm,5-10 kg,Various,Over 12 years,Varies by breed - consult veterinarian,https://www.thekennelclub.org.uk/media/2929/dachshund-miniature-wire-haired-illustration.jpg?rmode=crop&ranchor=center&width=81&height=81&v=1d5750bbe32fbc0,https://www.thekennelclub.org.uk/search/breeds-a-to-z/breeds/hound/dachshund-miniature-wire-haired/,Hound,Small/ medium garden,Up to 1 hour per day,More than once a week,,
Dachshund (Smooth Haired),Hound,20-35 cm,5-10 kg,Various,Over 12 years,Varies by breed - consult veterinarian,https://www.thekennelclub.org.uk/media/2930/dachshund-smooth-haired-illustration.jpg?rmode=crop&ranchor=center&width=81&height=81&v=1d5750bd47ed6b0,https://www.thekennelclub.org.uk/search/breeds-a-to-z/breeds/hound/dachshund-smooth-haired/,Hound,Small/ medium garden,Up to 1 hour per day,Once a week,,
Dachshund (Wire Haired),Hound,20-35 cm,5-10 kg,Various,Over 12 years,Varies by breed - consult veterinarian,https://www.thekennelclub.org.uk/media/2933/dachshund-wire-haired-illustration.jpg?rmode=crop&ranchor=center&width=81&height=81&v=1d5750be5777940,https://www.thekennelclub.org.uk/search/breeds-a-to-z/breeds/hound/dachshund-wire-haired/,Hound,Small/ medium garden,Up to 1 hour per day,More than once a week,,
Dalmatian,Non-Sporting,50-65 cm,25-40 kg,Various,Over 12 years,Varies by breed - consult veterinarian,https://www.thekennelclub.org.uk/media/2935/dalmatian-illustration.jpg?rmode=crop&ranchor=center&width=81&height=81&v=1d57819210ddd90,https://www.thekennelclub.org.uk/search/breeds-a-to-z/breeds/utility/dalmatian/,Utility,Large garden,More than 2 hours per day,Once a week,,
Dandie Dinmont Terrier,Terrier,20-35 cm,5-10 kg,Various,Over 12 years,Varies by breed - consult veterinarian,https://www.thekennelclub.org.uk/media/1542/dandie-dinmont-terrier-illustration.jpg?rmode=crop&ranchor=center&width=81&height=81&v=1d5781316bfadb0,https://www.thekennelclub.org.uk/search/breeds-a-to-z/breeds/terrier/dandie-dinmont-terrier/,Terrier,Small/ medium garden,Up to 1 hour per day,More than once a week,,
Deerhound,Hound,50-65 cm,25-40 kg,Various,Over 10 years,Varies by breed - consult veterinarian,https://www.thekennelclub.org.uk/media/1909/deerhound-illustration.jpg?rmode=crop&ranchor=center&width=81&height=81&v=1d5750bf92f89f0,https://www.thekennelclub.org.uk/search/breeds-a-to-z/breeds/hound/deerhound/,Hound,Large garden,More than 2 hours per day,More than once a week,,
Dobermann,Working,50-65 cm,25-40 kg,Various,Over 10 years,Varies by breed - consult veterinarian,https://www.thekennelclub.org.uk/media/2934/dobermann-illustration.jpg?rmode=crop&ranchor=center&width=81&height=81&v=1d57827b5d4af90,https://www.thekennelclub.org.uk/search/breeds-a-to-z/breeds/working/dobermann/,Working,Large garden,More than 2 hours per day,Once a week,,
Dogue de Bordeaux,Working,50-65 cm,25-40 kg,Various,Over 10 years,Varies by breed - consult veterinarian,https://www.thekennelclub.org.uk/media/1920/dogue-de-bordeaux-illustration.jpg?rmode=crop&ranchor=center&width=81&height=81&v=1d57827c59c2520,https://www.thekennelclub.org.uk/search/breeds-a-to-z/breeds/working/dogue-de-bordeaux/,Working,Large garden,Up to 1 hour per day,Once a week,,
English Setter,Sporting,50-65 cm,25-40 kg,Various,Over 10 years,Varies by breed - consult veterinarian,https://www.thekennelclub.org.uk/media/1162/english-setter-illustration-resized.jpg?rmode=crop&ranchor=center&width=81&height=81&v=1d57503f5fcba30,https://www.thekennelclub.org.uk/search/breeds-a-to-z/breeds/gundog/english-setter/,Gundog,Large garden,More than 2 hours per day,More than once a week,,
English Toy Terrier (Black & Tan),Toy,20-35 cm,5-10 kg,Various,Over 12 years,Varies by breed - consult veterinarian,https://www.thekennelclub.org.uk/media/1627/english-toy-terrier-black-and-tan-illustration.jpg?rmode=crop&ranchor=center&width=81&height=81&v=1d5781726a38810,https://www.thekennelclub.org.uk/search/breeds-a-to-z/breeds/toy/english-toy-terrier-black-tan/,Toy,Small/ medium garden,Up to 30 minutes per day,Once a week,,
Entlebucher Mountain Dog (Imp),Working,50-65 cm,25-40 kg,Various,Over 12 years,Varies by breed - consult veterinarian,https://www.thekennelclub.org.uk/media/2937/entlebucher-mountain-dog-illustration.jpg?rmode=crop&ranchor=center&width=81&height=81&v=1d57827e8bbb110,https://www.thekennelclub.org.uk/search/breeds-a-to-z/breeds/working/entlebucher-mountain-dog-imp/,Working,Large garden,Up to 1 hour per day,Once a week,,
Estrela Mountain Dog,Herding,50-65 cm,25-40 kg,Various,Under 10 years,Varies by breed - consult veterinarian,https://www.thekennelclub.org.uk/media/1450/estrela-mountain-dog-illustration.jpg?rmode=crop&ranchor=center&width=81&height=81&v=1d5751fbf1b48d0,https://www.thekennelclub.org.uk/search/breeds-a-to-z/breeds/pastoral/estrela-mountain-dog/,Pastoral,Large garden,Up to 1 hour per day,More than once a week,,
Eurasier,Non-Sporting,20-35 cm,5-10 kg,Various,Over 10 years,Varies by breed - consult veterinarian,https://www.thekennelclub.org.uk/media/2936/eurasier-illustration.jpg?rmode=crop&ranchor=center&width=81&height=81&v=1d5781933e6b1d0,https://www.thekennelclub.org.uk/search/breeds-a-to-z/breeds/utility/eurasier/,Utility,Small/ medium garden,Up to 1 hour per day,Once a week,,
Finnish Lapphund,Herding,20-35 cm,5-10 kg,Various,Over 12 years,Varies by breed - consult veterinarian,https://www.thekennelclub.org.uk/media/1453/finnish-lapphund-illustration.jpg?rmode=crop&ranchor=center&width=81&height=81&v=1d5751fd3317f10,https://www.thekennelclub.org.uk/search/breeds-a-to-z/breeds/pastoral/finnish-lapphund/,Pastoral,Small/ medium garden,Up to 1 hour per day,Once a week,,
Finnish Spitz,Hound,20-35 cm,5-10 kg,Various,Over 10 years,Varies by breed - consult veterinarian,https://www.thekennelclub.org.uk/media/2938/finnish-spitz-illustration.jpg?rmode=crop&ranchor=center&width=81&height=81&v=1d5750c0b4a3e50,https://www.thekennelclub.org.uk/search/breeds-a-to-z/breeds/hound/finnish-spitz/,Hound,Small/ medium garden,Up to 1 hour per day,More than once a week,,
Fox Terrier (Smooth),Terrier,20-35 cm,5-10 kg,Various,Over 12 years,Varies by breed - consult veterinarian,https://www.thekennelclub.org.uk/media/1546/fox-terrier-smooth-illustration.jpg?rmode=crop&ranchor=center&width=81&height=81&v=1d57813a33b1e50,https://www.thekennelclub.org.uk/search/breeds-a-to-z/breeds/terrier/fox-terrier-smooth/,Terrier,Small/ medium garden,Up to 1 hour per day,Once a week,,
Fox Terrier (Wire),Terrier,20-35 cm,5-10 kg,Various,Over 12 years,Varies by breed - consult veterinarian,https://www.thekennelclub.org.uk/media/1549/fox-terrier-wire-illustration.jpg?rmode=crop&ranchor=center&width=81&height=81&v=1d57813b6378020,https://www.thekennelclub.org.uk/search/breeds-a-to-z/breeds/terrier/fox-terrier-wire/,Terrier,Small/ medium garden,Up to 1 hour per day,More than once a week,,
Foxhound,Hound,50-65 cm,25-40 kg,Various,Over 12 years,Varies by breed - consult veterinarian,https://www.thekennelclub.org.uk/media/2940/foxhound-illustration.jpg?rmode=crop&ranchor=center&width=81&height=81&v=1d5750c1cff04f0,https://www.thekennelclub.org.uk/search/breeds-a-to-z/breeds/hound/foxhound/,Hound,Large garden,More than 2 hours per day,Once a week,,
French Bulldog,Non-Sporting,20-35 cm,5-10 kg,Various,Over 10 years,Varies by breed - consult veterinarian,https://www.thekennelclub.org.uk/media/2939/french-bulldog-illustration.jpg?rmode=crop&ranchor=center&width=81&height=81&v=1d578215ec12db0,https://www.thekennelclub.org.uk/search/breeds-a-to-z/breeds/utility/french-bulldog/,Utility,Small/ medium garden,Up to 1 hour per day,Once a week,,
German Longhaired Pointer,Sporting,50-65 cm,25-40 kg,Various,Over 10 years,Varies by breed - consult veterinarian,https://www.thekennelclub.org.uk/media/1163/german-longhaired-pointer-illustration-resized.jpg?rmode=crop&ranchor=center&width=81&height=81&v=1d575040a518010,https://www.thekennelclub.org.uk/search/breeds-a-to-z/breeds/gundog/german-longhaired-pointer/,Gundog,Large garden,More than 2 hours per day,More than once a week,,
German Pinscher,Working,20-35 cm,5-10 kg,Various,Over 10 years,Varies by breed - consult veterinarian,https://www.thekennelclub.org.uk/media/2945/german-pinscher-illustration.jpg?rmode=crop&ranchor=center&width=81&height=81&v=1d578285b934220,https://www.thekennelclub.org.uk/search/breeds-a-to-z/breeds/working/german-pinscher/,Working,Small/ medium garden,Up to 1 hour per day,Once a week,,
German Shepherd Dog,Herding,50-65 cm,25-40 kg,Various,Over 10 years,Varies by breed - consult veterinarian,https://www.thekennelclub.org.uk/media/3259/german-shepherd-dog.jpg?rmode=crop&ranchor=center&width=81&height=81&v=1d59ed301717b00,https://www.thekennelclub.org.uk/search/breeds-a-to-z/breeds/pastoral/german-shepherd-dog/,Pastoral,Large garden,More than 2 hours per day,More than once a week,,
German Shorthaired Pointer,Sporting,50-65 cm,25-40 kg,Various,Over 10 years,Varies by breed - consult veterinarian,https://www.thekennelclub.org.uk/media/1164/german-shorthaired-pointer-illustration-resized.jpg?rmode=crop&ranchor=center&width=81&height=81&v=1d575042ef49ec0,https://www.thekennelclub.org.uk/search/breeds-a-to-z/breeds/gundog/german-shorthaired-pointer/,Gundog,Large garden,More than 2 hours per day,Once a week,,
German Spitz (Klein),Non-Sporting,20-35 cm,5-10 kg,Various,Over 12 years,Varies by breed - consult veterinarian,https://www.thekennelclub.org.uk/media/1695/german-spitz-klein-illustration.jpg?rmode=crop&ranchor=center&width=81&height=81&v=1d578228e24df60,https://www.thekennelclub.org.uk/search/breeds-a-to-z/breeds/utility/german-spitz-klein/,Utility,Small/ medium garden,Up to 1 hour per day,Every day,,
German Spitz (Mittel),Non-Sporting,20-35 cm,5-10 kg,Various,Over 12 years,Varies by breed - consult veterinarian,https://www.thekennelclub.org.uk/media/2946/german-spitz-mittel-illustration.jpg?rmode=crop&ranchor=center&width=81&height=81&v=1d578229405d8d0,https://www.thekennelclub.org.uk/search/breeds-a-to-z/breeds/utility/german-spitz-mittel/,Utility,Small/ medium garden,Up to 1 hour per day,More than once a week,,
German Wirehaired Pointer,Sporting,50-65 cm,25-40 kg,Various,Over 10 years,Varies by breed - consult veterinarian,https://www.thekennelclub.org.uk/media/1165/german-wirehaired-pointer-illustration-resized.jpg?rmode=crop&ranchor=center&width=81&height=81&v=1d5750447ce0260,https://www.thekennelclub.org.uk/search/breeds-a-to-z/breeds/gundog/german-wirehaired-pointer/,Gundog,Large garden,More than 2 hours per day,More than once a week,,
Giant Schnauzer,Working,50-65 cm,25-40 kg,Various,Over 12 years,Varies by breed - consult veterinarian,https://www.thekennelclub.org.uk/media/2942/giant-schnauzer-illustration.jpg?rmode=crop&ranchor=center&width=81&height=81&v=1d57828663a0100,https://www.thekennelclub.org.uk/search/breeds-a-to-z/breeds/working/giant-schnauzer/,Working,Large garden,More than 2 hours per day,Every day,,
Glen Of Imaal Terrier,Terrier,20-35 cm,5-10 kg,Various,Over 10 years,Varies by breed - consult veterinarian,https://www.thekennelclub.org.uk/media/1550/glen-of-imaal-terrier-illustration.jpg?rmode=crop&ranchor=center&width=81&height=81&v=1d5781420005770,https://www.thekennelclub.org.uk/search/breeds-a-to-z/breeds/terrier/glen-of-imaal-terrier/,Terrier,Small/ medium garden,Up to 1 hour per day,More than once a week,,
Gordon Setter,Sporting,50-65 cm,25-40 kg,Various,Over 10 years,Varies by breed - consult veterinarian,https://www.thekennelclub.org.uk/media/1166/gordon-setter-illustration-resized.jpg?rmode=crop&ranchor=center&width=81&height=81&v=1d57504602cded0,https://www.thekennelclub.org.uk/search/breeds-a-to-z/breeds/gundog/gordon-setter/,Gundog,Large garden,More than 2 hours per day,More than once a week,,
Grand Bleu De Gascogne (Imp),Hound,50-65 cm,25-40 kg,Various,Under 10 years,Varies by breed - consult veterinarian,https://www.thekennelclub.org.uk/media/2944/grand-bleu-de-gascogne-illustration.jpg?rmode=crop&ranchor=center&width=81&height=81&v=1d5750c31de3080,https://www.thekennelclub.org.uk/search/breeds-a-to-z/breeds/hound/grand-bleu-de-gascogne-imp/,Hound,Large garden,More than 2 hours per day,Once a week,,
Great Dane,Working,50-65 cm,25-40 kg,Various,Under 10 years,Varies by breed - consult veterinarian,https://www.thekennelclub.org.uk/media/2663/great-dane.jpg?rmode=crop&ranchor=center&width=81&height=81&v=1d5787b41c2e5a0,https://www.thekennelclub.org.uk/search/breeds-a-to-z/breeds/working/great-dane/,Working,Large garden,More than 2 hours per day,Once a week,,
Great Swiss Mountain Dog,Working,50-65 cm,25-40 kg,Various,Over 10 years,Varies by breed - consult veterinarian,https://www.thekennelclub.org.uk/media/2943/great-swiss-mountain-dog-illustration.jpg?rmode=crop&ranchor=center&width=81&height=81&v=1d5787b497df640,https://www.thekennelclub.org.uk/search/breeds-a-to-z/breeds/working/great-swiss-mountain-dog/,Working,Large garden,Up to 1 hour per day,Once a week,,
Greenland Dog,Working,50-65 cm,25-40 kg,Various,Over 10 years,Varies by breed - consult veterinarian,https://www.thekennelclub.org.uk/media/2665/greenland-dog-illustration.jpg?rmode=crop&ranchor=center&width=81&height=81&v=1d5787b5d5aa5f0,https://www.thekennelclub.org.uk/search/breeds-a-to-z/breeds/working/greenland-dog/,Working,Large garden,More than 2 hours per day,Once a week,,
Greyhound,Hound,50-65 cm,25-40 kg,Various,Over 10 years,Varies by breed - consult veterinarian,https://www.thekennelclub.org.uk/media/2941/greyhound-illustration.jpg?rmode=crop&ranchor=center&width=81&height=81&v=1d5750c46855c20,https://www.thekennelclub.org.uk/search/breeds-a-to-z/breeds/hound/greyhound/,Hound,Large garden,Up to 1 hour per day,Once a week,,
Griffon Bruxellois,Toy,20-35 cm,5-10 kg,Various,Over 12 years,Varies by breed - consult veterinarian,https://www.thekennelclub.org.uk/media/1629/griffon-bruxellois-illustration.jpg?rmode=crop&ranchor=center&width=81&height=81&v=1d578173f8ec600,https://www.thekennelclub.org.uk/search/breeds-a-to-z/breeds/toy/griffon-bruxellois/,Toy,Small/ medium garden,Up to 30 minutes per day,More than once a week,,
Griffon Fauve De Bretagne (Imp),Hound,20-35 cm,5-10 kg,Various,Over 10 years,Varies by breed - consult veterinarian,https://www.thekennelclub.org.uk/media/1914/griffon-fauve-de-bretagne-illustration-resized.jpg?rmode=crop&ranchor=center&width=81&height=81&v=1d5750c5b87a010,https://www.thekennelclub.org.uk/search/breeds-a-to-z/breeds/hound/griffon-fauve-de-bretagne-imp/,Hound,Small/ medium garden,Up to 1 hour per day,Once a week,,
Hamiltonstovare,Hound,50-65 cm,25-40 kg,Various,Over 10 years,Varies by breed - consult veterinarian,https://www.thekennelclub.org.uk/media/2947/hamiltonstovare-illustration.jpg?rmode=crop&ranchor=center&width=81&height=81&v=1d5750c6f09d3b0,https://www.thekennelclub.org.uk/search/breeds-a-to-z/breeds/hound/hamiltonstovare/,Hound,Large garden,More than 2 hours per day,Once a week,,
Harrier,Hound,50-65 cm,25-40 kg,Various,Over 12 years,Varies by breed - consult veterinarian,https://www.thekennelclub.org.uk/media/4486/harrier-illustration.jpg?rmode=crop&ranchor=center&width=81&height=81&v=1da9627dd6314c0,https://www.thekennelclub.org.uk/search/breeds-a-to-z/breeds/hound/harrier/,Hound,Large garden,More than 2 hours per day,Once a week,,
Havanese,Toy,20-35 cm,5-10 kg,Various,Over 12 years,Varies by breed - consult veterinarian,https://www.thekennelclub.org.uk/media/1631/havanese-illustration.jpg?rmode=crop&ranchor=center&width=81&height=81&v=1d578174a589d40,https://www.thekennelclub.org.uk/search/breeds-a-to-z/breeds/toy/havanese/,Toy,Small/ medium garden,Up to 30 minutes per day,Every day,,
Hovawart,Working,50-65 cm,25-40 kg,Various,Over 10 years,Varies by breed - consult veterinarian,https://www.thekennelclub.org.uk/media/2948/hovawart-illustration.jpg?rmode=crop&ranchor=center&width=81&height=81&v=1d5787b65801120,https://www.thekennelclub.org.uk/search/breeds-a-to-z/breeds/working/hovawart/,Working,Large garden,More than 2 hours per day,More than once a week,,
Hungarian Kuvasz (Imp),Herding,50-65 cm,25-40 kg,Various,Over 10 years,Varies by breed - consult veterinarian,https://www.thekennelclub.org.uk/media/1460/hungarian-kuvasz-illustration.jpg?rmode=crop&ranchor=center&width=81&height=81&v=1d575218bd91d10,https://www.thekennelclub.org.uk/search/breeds-a-to-z/breeds/pastoral/hungarian-kuvasz-imp/,Pastoral,Large garden,Up to 1 hour per day,More than once a week,,
Hungarian Mudi (Imp),Herding,20-35 cm,5-10 kg,Various,Over 10 years,Varies by breed - consult veterinarian,https://www.thekennelclub.org.uk/media/uhip3mnx/hungarian-mudi-illustration-by-jo-van-kampen.jpg?rmode=crop&ranchor=center&width=81&height=81&v=1dbecec24b5e8e0,https://www.thekennelclub.org.uk/search/breeds-a-to-z/breeds/pastoral/hungarian-mudi-imp/,Pastoral,Small/ medium garden,Up to 1 hour per day,Once a week,,
Hungarian Puli,Herding,20-35 cm,5-10 kg,Various,Over 12 years,Varies by breed - consult veterinarian,https://www.thekennelclub.org.uk/media/1462/hungarian-puli-illustration.jpg?rmode=crop&ranchor=center&width=81&height=81&v=1d57521aa25c430,https://www.thekennelclub.org.uk/search/breeds-a-to-z/breeds/pastoral/hungarian-puli/,Pastoral,Small/ medium garden,Up to 1 hour per day,More than once a week,,
Hungarian Pumi,Herding,20-35 cm,5-10 kg,Various,Over 12 years,Varies by breed - consult veterinarian,https://www.thekennelclub.org.uk/media/1465/hungarian-pumi-illustration.jpg?rmode=crop&ranchor=center&width=81&height=81&v=1d57532cef98010,https://www.thekennelclub.org.uk/search/breeds-a-to-z/breeds/pastoral/hungarian-pumi/,Pastoral,Small/ medium garden,Up to 1 hour per day,Once a week,,
Hungarian Vizsla,Sporting,50-65 cm,25-40 kg,Various,Over 12 years,Varies by breed - consult veterinarian,https://www.thekennelclub.org.uk/media/1167/hungarian-vizsla-illustration-resized.jpg?rmode=crop&ranchor=center&width=81&height=81&v=1d5750495b5b450,https://www.thekennelclub.org.uk/search/breeds-a-to-z/breeds/gundog/hungarian-vizsla/,Gundog,Large garden,More than 2 hours per day,Once a week,,
Hungarian Wirehaired Vizsla,Sporting,50-65 cm,25-40 kg,Various,Over 10 years,Varies by breed - consult veterinarian,https://www.thekennelclub.org.uk/media/1168/hungarian-wire-haired-vizsla-illustration-resized.jpg?rmode=crop&ranchor=center&width=81&height=81&v=1d57504abc808b0,https://www.thekennelclub.org.uk/search/breeds-a-to-z/breeds/gundog/hungarian-wirehaired-vizsla/,Gundog,Large garden,More than 2 hours per day,More than once a week,,
Ibizan Hound,Hound,50-65 cm,25-40 kg,Various,Over 10 years,Varies by breed - consult veterinarian,https://www.thekennelclub.org.uk/media/2949/ibizan-hound-illustration.jpg?rmode=crop&ranchor=center&width=81&height=81&v=1d5750c92e16500,https://www.thekennelclub.org.uk/search/breeds-a-to-z/breeds/hound/ibizan-hound/,Hound,Large garden,More than 2 hours per day,Once a week,,
Icelandic Sheepdog (Imp),Herding,20-35 cm,5-10 kg,Various,Over 10 years,Varies by breed - consult veterinarian,https://www.thekennelclub.org.uk/media/rxrbz3rp/icelandic-sheepdog_illustration.png?rmode=crop&ranchor=center&width=81&height=81&v=1db9e5408094bb0,https://www.thekennelclub.org.uk/search/breeds-a-to-z/breeds/pastoral/icelandic-sheepdog-imp/,Pastoral,Small/ medium garden,Up to 1 hour per day,Once a week,,
Irish Red & White Setter,Sporting,50-65 cm,25-40 kg,Various,Over 10 years,Varies by breed - consult veterinarian,https://www.thekennelclub.org.uk/media/1169/irish-red-white-setter-illustration-resized.jpg?rmode=crop&ranchor=center&width=81&height=81&v=1d57504beedc470,https://www.thekennelclub.org.uk/search/breeds-a-to-z/breeds/gundog/irish-red-white-setter/,Gundog,Large garden,More than 2 hours per day,More than once a week,,
Irish Setter,Sporting,50-65 cm,25-40 kg,Various,Over 10 years,Varies by breed - consult veterinarian,https://www.thekennelclub.org.uk/media/1170/irish-setter-illustration-resized.jpg?rmode=crop&ranchor=center&width=81&height=81&v=1d57504d442e350,https://www.thekennelclub.org.uk/search/breeds-a-to-z/breeds/gundog/irish-setter/,Gundog,Large garden,More than 2 hours per day,More than once a week,,
Irish Terrier,Terrier,20-35 cm,5-10 kg,Various,Over 12 years,Varies by breed - consult veterinarian,https://www.thekennelclub.org.uk/media/1553/irish-terrier-illustration.jpg?rmode=crop&ranchor=center&width=81&height=81&v=1d578153c206520,https://www.thekennelclub.org.uk/search/breeds-a-to-z/breeds/terrier/irish-terrier/,Terrier,Small/ medium garden,Up to 1 hour per day,More than once a week,,
Irish Wolfhound,Hound,50-65 cm,25-40 kg,Various,Under 10 years,Varies by breed - consult veterinarian,https://www.thekennelclub.org.uk/media/1378/irish-wolfhound-illustration.jpg?rmode=crop&ranchor=center&width=81&height=81&v=1d5750ca6fc2f20,https://www.thekennelclub.org.uk/search/breeds-a-to-z/breeds/hound/irish-wolfhound/,Hound,Large garden,More than 2 hours per day,More than once a week,,
Italian Greyhound,Toy,20-35 cm,5-10 kg,Various,Over 12 years,Varies by breed - consult veterinarian,https://www.thekennelclub.org.uk/media/1634/italian-greyhound-illustration.jpg?rmode=crop&ranchor=center&width=81&height=81&v=1d578175cc7b330,https://www.thekennelclub.org.uk/search/breeds-a-to-z/breeds/toy/italian-greyhound/,Toy,Small/ medium garden,Up to 1 hour per day,Once a week,,
Italian Spinone,Sporting,50-65 cm,25-40 kg,Various,Over 10 years,Varies by breed - consult veterinarian,https://www.thekennelclub.org.uk/media/2950/italian-spinone-illustration-resized.jpg?rmode=crop&ranchor=center&width=81&height=81&v=1d57504eed19810,https://www.thekennelclub.org.uk/search/breeds-a-to-z/breeds/gundog/italian-spinone/,Gundog,Large garden,More than 2 hours per day,More than once a week,,
Jack Russell Terrier,Terrier,20-35 cm,5-10 kg,Various,Over 10 years,Varies by breed - consult veterinarian,https://www.thekennelclub.org.uk/media/1556/jack-russell-terrier-illustration.jpg?rmode=crop&ranchor=center&width=81&height=81&v=1d578155108b870,https://www.thekennelclub.org.uk/search/breeds-a-to-z/breeds/terrier/jack-russell-terrier/,Terrier,Small/ medium garden,Up to 1 hour per day,Once a week,,
Japanese Akita Inu,Non-Sporting,50-65 cm,25-40 kg,Various,Over 10 years,Varies by breed - consult veterinarian,https://www.thekennelclub.org.uk/media/2952/japanese-akita-inu-illustration.jpg?rmode=crop&ranchor=center&width=81&height=81&v=1d5782303394110,https://www.thekennelclub.org.uk/search/breeds-a-to-z/breeds/utility/japanese-akita-inu/,Utility,Large garden,More than 2 hours per day,More than once a week,,
Japanese Chin,Toy,20-35 cm,5-10 kg,Various,Over 10 years,Varies by breed - consult veterinarian,https://www.thekennelclub.org.uk/media/1637/japanese-chin-illustration.jpg?rmode=crop&ranchor=center&width=81&height=81&v=1d5781770011e00,https://www.thekennelclub.org.uk/search/breeds-a-to-z/breeds/toy/japanese-chin/,Toy,Small/ medium garden,Up to 30 minutes per day,More than once a week,,
Japanese Shiba Inu,Non-Sporting,20-35 cm,5-10 kg,Various,Over 10 years,Varies by breed - consult veterinarian,https://www.thekennelclub.org.uk/media/2955/japanese-shiba-inu-illustration.jpg?rmode=crop&ranchor=center&width=81&height=81&v=1d578230b4cd1f0,https://www.thekennelclub.org.uk/search/breeds-a-to-z/breeds/utility/japanese-shiba-inu/,Utility,Small/ medium garden,Up to 1 hour per day,Once a week,,
Japanese Spitz,Non-Sporting,20-35 cm,5-10 kg,Various,Over 12 years,Varies by breed - consult veterinarian,https://www.thekennelclub.org.uk/media/2951/japanese-spitz-illustration.jpg?rmode=crop&ranchor=center&width=81&height=81&v=1d5782316d7d650,https://www.thekennelclub.org.uk/search/breeds-a-to-z/breeds/utility/japanese-spitz/,Utility,Small/ medium garden,Up to 1 hour per day,Every day,,
Keeshond,Non-Sporting,20-35 cm,5-10 kg,Various,Over 10 years,Varies by breed - consult veterinarian,https://www.thekennelclub.org.uk/media/1708/keeshond-illustration.jpg?rmode=crop&ranchor=center&width=81&height=81&v=1d5782321b890f0,https://www.thekennelclub.org.uk/search/breeds-a-to-z/breeds/utility/keeshond/,Utility,Small/ medium garden,Up to 1 hour per day,Every day,,
Kerry Blue Terrier,Terrier,20-35 cm,5-10 kg,Various,Over 10 years,Varies by breed - consult veterinarian,https://www.thekennelclub.org.uk/media/1559/kerry-blue-terrier-illustration.jpg?rmode=crop&ranchor=center&width=81&height=81&v=1d5781560d53710,https://www.thekennelclub.org.uk/search/breeds-a-to-z/breeds/terrier/kerry-blue-terrier/,Terrier,Small/ medium garden,Up to 1 hour per day,Once a week,,
King Charles Spaniel,Toy,20-35 cm,5-10 kg,Various,Over 12 years,Varies by breed - consult veterinarian,https://www.thekennelclub.org.uk/media/1640/king-charles-spaniel-illustration.jpg?rmode=crop&ranchor=center&width=81&height=81&v=1d57817892aeb90,https://www.thekennelclub.org.uk/search/breeds-a-to-z/breeds/toy/king-charles-spaniel/,Toy,Small/ medium garden,Up to 30 minutes per day,More than once a week,,
Komondor,Herding,50-65 cm,25-40 kg,Various,Under 10 years,Varies by breed - consult veterinarian,https://www.thekennelclub.org.uk/media/1468/komondor-illustration.jpg?rmode=crop&ranchor=center&width=81&height=81&v=1d575332350afd0,https://www.thekennelclub.org.uk/search/breeds-a-to-z/breeds/pastoral/komondor/,Pastoral,Large garden,Up to 1 hour per day,More than once a week,,
Kooikerhondje,Non-Sporting,20-35 cm,5-10 kg,Various,Over 12 years,Varies by breed - consult veterinarian,https://www.thekennelclub.org.uk/media/2957/kooikerhondje-illustration.jpg?rmode=crop&ranchor=center&width=81&height=81&v=1d5782334daa330,https://www.thekennelclub.org.uk/search/breeds-a-to-z/breeds/utility/kooikerhondje/,Utility,Small/ medium garden,Up to 1 hour per day,More than once a week,,
Korean Jindo (Imp),Non-Sporting,20-35 cm,5-10 kg,Various,Over 10 years,Varies by breed - consult veterinarian,https://www.thekennelclub.org.uk/media/2956/korean-jindo-illustration.jpg?rmode=crop&ranchor=center&width=81&height=81&v=1d57823395b4950,https://www.thekennelclub.org.uk/search/breeds-a-to-z/breeds/utility/korean-jindo-imp/,Utility,Small/ medium garden,Up to 1 hour per day,More than once a week,,
Korthals Griffon (Imp),Sporting,50-65 cm,25-40 kg,Various,Over 10 years,Varies by breed - consult veterinarian,https://www.thekennelclub.org.uk/media/1172/resized.jpg?rmode=crop&ranchor=center&width=81&height=81&v=1d5750501443070,https://www.thekennelclub.org.uk/search/breeds-a-to-z/breeds/gundog/korthals-griffon-imp/,Gundog,Large garden,More than 2 hours per day,More than once a week,,
Lagotto Romagnolo,Sporting,50-65 cm,25-40 kg,Various,Over 12 years,Varies by breed - consult veterinarian,https://www.thekennelclub.org.uk/media/1173/lagotto-romagnolo-illustration-resized.jpg?rmode=crop&ranchor=center&width=81&height=81&v=1d5750512e65970,https://www.thekennelclub.org.uk/search/breeds-a-to-z/breeds/gundog/lagotto-romagnolo/,Gundog,Large garden,More than 2 hours per day,More than once a week,,
Lakeland Terrier,Terrier,20-35 cm,5-10 kg,Various,Over 12 years,Varies by breed - consult veterinarian,https://www.thekennelclub.org.uk/media/1562/lakeland-terrier-illustration.jpg?rmode=crop&ranchor=center&width=81&height=81&v=1d57815725cd330,https://www.thekennelclub.org.uk/search/breeds-a-to-z/breeds/terrier/lakeland-terrier/,Terrier,Small/ medium garden,Up to 1 hour per day,More than once a week,,
Lancashire Heeler,Herding,20-35 cm,5-10 kg,Various,Over 12 years,Varies by breed - consult veterinarian,https://www.thekennelclub.org.uk/media/1471/lancashire-heeler-illustration.jpg?rmode=crop&ranchor=center&width=81&height=81&v=1d575333745c980,https://www.thekennelclub.org.uk/search/breeds-a-to-z/breeds/pastoral/lancashire-heeler/,Pastoral,Small/ medium garden,Up to 1 hour per day,Once a week,,
Large Munsterlander,Sporting,50-65 cm,25-40 kg,Various,Over 10 years,Varies by breed - consult veterinarian,https://www.thekennelclub.org.uk/media/1174/large-munsterlander-illustration-resized.jpg?rmode=crop&ranchor=center&width=81&height=81&v=1d57505243c1020,https://www.thekennelclub.org.uk/search/breeds-a-to-z/breeds/gundog/large-munsterlander/,Gundog,Large garden,More than 2 hours per day,More than once a week,,
Leonberger,Working,50-65 cm,25-40 kg,Various,Under 10 years,Varies by breed - consult veterinarian,https://www.thekennelclub.org.uk/media/2958/leonberger-illustration.jpg?rmode=crop&ranchor=center&width=81&height=81&v=1d5787ba365dc90,https://www.thekennelclub.org.uk/search/breeds-a-to-z/breeds/working/leonberger/,Working,Large garden,More than 2 hours per day,Once a week,,
Lhasa Apso,Non-Sporting,20-35 cm,5-10 kg,Various,Over 12 years,Varies by breed - consult veterinarian,https://www.thekennelclub.org.uk/media/2959/lhasa-apso-illustration.jpg?rmode=crop&ranchor=center&width=81&height=81&v=1d578236f700b20,https://www.thekennelclub.org.uk/search/breeds-a-to-z/breeds/utility/lhasa-apso/,Utility,Small/ medium garden,Up to 1 hour per day,Every day,,
Lowchen (Little Lion Dog),Toy,20-35 cm,5-10 kg,Various,Over 12 years,Varies by breed - consult veterinarian,https://www.thekennelclub.org.uk/media/1645/lowchen-little-lion-dog-illustration.jpg?rmode=crop&ranchor=center&width=81&height=81&v=1d57817cbca9590,https://www.thekennelclub.org.uk/search/breeds-a-to-z/breeds/toy/lowchen-little-lion-dog/,Toy,Small/ medium garden,Up to 1 hour per day,More than once a week,,
Maltese,Toy,20-35 cm,5-10 kg,Various,Over 12 years,Varies by breed - consult veterinarian,https://www.thekennelclub.org.uk/media/1646/maltese-illustration.jpg?rmode=crop&ranchor=center&width=81&height=81&v=1d57817d37886d0,https://www.thekennelclub.org.uk/search/breeds-a-to-z/breeds/toy/maltese/,Toy,Small/ medium garden,Up to 30 minutes per day,Every day,,
Manchester Terrier,Terrier,20-35 cm,5-10 kg,Various,Over 12 years,Varies by breed - consult veterinarian,https://www.thekennelclub.org.uk/media/1565/manchester-terrier-illustration.jpg?rmode=crop&ranchor=center&width=81&height=81&v=1d57815875a8340,https://www.thekennelclub.org.uk/search/breeds-a-to-z/breeds/terrier/manchester-terrier/,Terrier,Small/ medium garden,Up to 1 hour per day,Once a week,,
Maremma Sheepdog,Herding,50-65 cm,25-40 kg,Various,Over 10 years,Varies by breed - consult veterinarian,https://www.thekennelclub.org.uk/media/1911/maremma-sheepdog-illustration-resized.jpg?rmode=crop&ranchor=center&width=81&height=81&v=1d57533bff6c4a0,https://www.thekennelclub.org.uk/search/breeds-a-to-z/breeds/pastoral/maremma-sheepdog/,Pastoral,Large garden,More than 2 hours per day,More than once a week,,
Mastiff,Working,50-65 cm,25-40 kg,Various,Under 10 years,Varies by breed - consult veterinarian,https://www.thekennelclub.org.uk/media/1803/masttiff-illustration.jpg?rmode=crop&ranchor=center&width=81&height=81&v=1d5787bb2f55230,https://www.thekennelclub.org.uk/search/breeds-a-to-z/breeds/working/mastiff/,Working,Large garden,Up to 1 hour per day,Once a week,,
Miniature Pinscher,Toy,20-35 cm,5-10 kg,Various,Over 12 years,Varies by breed - consult veterinarian,https://www.thekennelclub.org.uk/media/1650/miniature-pinscher-illustration.jpg?rmode=crop&ranchor=center&width=81&height=81&v=1d57817e94a28b0,https://www.thekennelclub.org.uk/search/breeds-a-to-z/breeds/toy/miniature-pinscher/,Toy,Small/ medium garden,Up to 30 minutes per day,Once a week,,
Miniature Schnauzer,Non-Sporting,20-35 cm,5-10 kg,Various,Over 10 years,Varies by breed - consult veterinarian,https://www.thekennelclub.org.uk/media/2960/miniature-schnauzer-illustration.jpg?rmode=crop&ranchor=center&width=81&height=81&v=1d57825d3ba6970,https://www.thekennelclub.org.uk/search/breeds-a-to-z/breeds/utility/miniature-schnauzer/,Utility,Small/ medium garden,Up to 1 hour per day,More than once a week,,
Neapolitan Mastiff,Working,50-65 cm,25-40 kg,Various,Under 10 years,Varies by breed - consult veterinarian,https://www.thekennelclub.org.uk/media/2964/neopolitan-mastiff-illustration.jpg?rmode=crop&ranchor=center&width=81&height=81&v=1d5787bbdbe3f10,https://www.thekennelclub.org.uk/search/breeds-a-to-z/breeds/working/neapolitan-mastiff/,Working,Large garden,Up to 1 hour per day,Once a week,,
Newfoundland,Working,50-65 cm,25-40 kg,Various,Under 10 years,Varies by breed - consult veterinarian,https://www.thekennelclub.org.uk/media/1921/newfoundland-illustration.jpg?rmode=crop&ranchor=center&width=81&height=81&v=1d5787bc62dd2a0,https://www.thekennelclub.org.uk/search/breeds-a-to-z/breeds/working/newfoundland/,Working,Large garden,Up to 1 hour per day,Every day,,
Norfolk Terrier,Terrier,20-35 cm,5-10 kg,Various,Over 10 years,Varies by breed - consult veterinarian,https://www.thekennelclub.org.uk/media/1568/norfolk-terrier-illustration.jpg?rmode=crop&ranchor=center&width=81&height=81&v=1d578159b077060,https://www.thekennelclub.org.uk/search/breeds-a-to-z/breeds/terrier/norfolk-terrier/,Terrier,Small/ medium garden,Up to 1 hour per day,More than once a week,,
Norwegian Buhund,Herding,20-35 cm,5-10 kg,Various,Over 12 years,Varies by breed - consult veterinarian,https://www.thekennelclub.org.uk/media/1476/norwegian-buhund-illustration.jpg?rmode=crop&ranchor=center&width=81&height=81&v=1d57533c6b91d60,https://www.thekennelclub.org.uk/search/breeds-a-to-z/breeds/pastoral/norwegian-buhund/,Pastoral,Small/ medium garden,Up to 1 hour per day,More than once a week,,
Norwegian Elkhound,Hound,50-65 cm,25-40 kg,Various,Over 10 years,Varies by breed - consult veterinarian,https://www.thekennelclub.org.uk/media/2961/norwegian-elkhound-illustration.jpg?rmode=crop&ranchor=center&width=81&height=81&v=1d5750cb80c5150,https://www.thekennelclub.org.uk/search/breeds-a-to-z/breeds/hound/norwegian-elkhound/,Hound,Large garden,Up to 1 hour per day,More than once a week,,
Norwich Terrier,Terrier,20-35 cm,5-10 kg,Various,Over 10 years,Varies by breed - consult veterinarian,https://www.thekennelclub.org.uk/media/1571/norwich-terrier-illustration.jpg?rmode=crop&ranchor=center&width=81&height=81&v=1d57815aff8eb70,https://www.thekennelclub.org.uk/search/breeds-a-to-z/breeds/terrier/norwich-terrier/,Terrier,Small/ medium garden,Up to 1 hour per day,More than once a week,,
Old English Sheepdog,Herding,50-65 cm,25-40 kg,Various,Over 10 years,Varies by breed - consult veterinarian,https://www.thekennelclub.org.uk/media/1912/old-english-sheepdog-illustration-rsized.jpg?rmode=crop&ranchor=center&width=81&height=81&v=1d57533e544c950,https://www.thekennelclub.org.uk/search/breeds-a-to-z/breeds/pastoral/old-english-sheepdog/,Pastoral,Large garden,More than 2 hours per day,Every day,,
Otterhound,Hound,50-65 cm,25-40 kg,Various,Over 10 years,Varies by breed - consult veterinarian,https://www.thekennelclub.org.uk/media/1384/otterhound-illustration.jpg?rmode=crop&ranchor=center&width=81&height=81&v=1d5750ccd62f6d0,https://www.thekennelclub.org.uk/search/breeds-a-to-z/breeds/hound/otterhound/,Hound,Large garden,More than 2 hours per day,More than once a week,,
Papillon,Toy,35-50 cm,10-25 kg,Various,Over 12 years,Varies by breed - consult veterinarian,https://www.thekennelclub.org.uk/media/1652/papillon-illustration.jpg?rmode=crop&ranchor=center&width=81&height=81&v=1d57817f6926d70,https://www.thekennelclub.org.uk/search/breeds-a-to-z/breeds/toy/papillon/,Toy,No garden,Up to 30 minutes per day,More than once a week,,
Parson Russell Terrier,Terrier,20-35 cm,5-10 kg,Various,Over 12 years,Varies by breed - consult veterinarian,https://www.thekennelclub.org.uk/media/1574/parson-russell-terrier-illustration.jpg?rmode=crop&ranchor=center&width=81&height=81&v=1d57815d9df3cf0,https://www.thekennelclub.org.uk/search/breeds-a-to-z/breeds/terrier/parson-russell-terrier/,Terrier,Small/ medium garden,Up to 1 hour per day,Once a week,,
Pekingese,Toy,20-35 cm,5-10 kg,Various,Over 12 years,Varies by breed - consult veterinarian,https://www.thekennelclub.org.uk/media/1656/pekingese.jpg?rmode=crop&ranchor=center&width=81&height=81&v=1d82662496a8dc0,https://www.thekennelclub.org.uk/search/breeds-a-to-z/breeds/toy/pekingese/,Toy,Small/ medium garden,Up to 30 minutes per day,Every day,,
Pharaoh Hound,Hound,50-65 cm,25-40 kg,Various,Over 10 years,Varies by breed - consult veterinarian,https://www.thekennelclub.org.uk/media/2965/pharaoh-hound-illustration.jpg?rmode=crop&ranchor=center&width=81&height=81&v=1d5750ce5fd2e90,https://www.thekennelclub.org.uk/search/breeds-a-to-z/breeds/hound/pharaoh-hound/,Hound,Large garden,More than 2 hours per day,Once a week,,
Picardy Sheepdog (Imp),Herding,20-35 cm,5-10 kg,Various,Over 10 years,Varies by breed - consult veterinarian,https://www.thekennelclub.org.uk/media/1483/picardy-sheepdog-illustration.jpg?rmode=crop&ranchor=center&width=81&height=81&v=1d575340d744310,https://www.thekennelclub.org.uk/search/breeds-a-to-z/breeds/pastoral/picardy-sheepdog-imp/,Pastoral,Small/ medium garden,Up to 1 hour per day,Once a week,,
Pointer,Sporting,50-65 cm,25-40 kg,Various,Over 12 years,Varies by breed - consult veterinarian,https://www.thekennelclub.org.uk/media/1175/pointer-illustration-resize.jpg?rmode=crop&ranchor=center&width=81&height=81&v=1d575053a69dbc0,https://www.thekennelclub.org.uk/search/breeds-a-to-z/breeds/gundog/pointer/,Gundog,Large garden,More than 2 hours per day,Once a week,,
Polish Hunting Dog (Imp),Hound,50-65 cm,25-40 kg,Various,Over 10 years,Varies by breed - consult veterinarian,https://www.thekennelclub.org.uk/media/54jn0mda/polish-hunting-dog-illustration.jpg?rmode=crop&ranchor=center&width=81&height=81&v=1da9bb960203730,https://www.thekennelclub.org.uk/search/breeds-a-to-z/breeds/hound/polish-hunting-dog-imp/,Hound,Large garden,More than 2 hours per day,Once a week,,
Polish Lowland Sheepdog,Herding,50-65 cm,25-40 kg,Various,Over 10 years,Varies by breed - consult veterinarian,https://www.thekennelclub.org.uk/media/1486/polish-lowland-sheepdog-illustration.jpg?rmode=crop&ranchor=center&width=81&height=81&v=1d575344481bcc0,https://www.thekennelclub.org.uk/search/breeds-a-to-z/breeds/pastoral/polish-lowland-sheepdog/,Pastoral,Large garden,More than 2 hours per day,Every day,,
Pomeranian,Toy,20-35 cm,5-10 kg,Various,Over 12 years,Varies by breed - consult veterinarian,https://www.thekennelclub.org.uk/media/1658/pomeranian-illustration.jpg?rmode=crop&ranchor=center&width=81&height=81&v=1d578187150da10,https://www.thekennelclub.org.uk/search/breeds-a-to-z/breeds/toy/pomeranian/,Toy,Small/ medium garden,Up to 30 minutes per day,More than once a week,,
Poodle (Miniature),Non-Sporting,20-35 cm,5-10 kg,Various,Over 12 years,Varies by breed - consult veterinarian,https://www.thekennelclub.org.uk/media/2969/miniature-poodle.jpg?rmode=crop&ranchor=center&width=81&height=81&v=1d826627c3d43f0,https://www.thekennelclub.org.uk/search/breeds-a-to-z/breeds/utility/poodle-miniature/,Utility,Small/ medium garden,Up to 1 hour per day,Every day,,
Poodle (Standard),Non-Sporting,50-65 cm,25-40 kg,Various,Over 12 years,Varies by breed - consult veterinarian,https://www.thekennelclub.org.uk/media/2971/poodle-standard-illustration.jpg?rmode=crop&ranchor=center&width=81&height=81&v=1d57826171d8a80,https://www.thekennelclub.org.uk/search/breeds-a-to-z/breeds/utility/poodle-standard/,Utility,Large garden,Up to 1 hour per day,Every day,,
Poodle (Toy),Non-Sporting,20-35 cm,5-10 kg,Various,Over 12 years,Varies by breed - consult veterinarian,https://www.thekennelclub.org.uk/media/1729/poodle-toy-illustration.jpg?rmode=crop&ranchor=center&width=81&height=81&v=1d578261b218690,https://www.thekennelclub.org.uk/search/breeds-a-to-z/breeds/utility/poodle-toy/,Utility,Small/ medium garden,Up to 1 hour per day,Every day,,
Portuguese Podengo,Hound,20-35 cm,5-10 kg,Various,Over 10 years,Varies by breed - consult veterinarian,https://www.thekennelclub.org.uk/media/2966/portuguese-podengo-illustration.jpg?rmode=crop&ranchor=center&width=81&height=81&v=1d5750d9fe160b0,https://www.thekennelclub.org.uk/search/breeds-a-to-z/breeds/hound/portuguese-podengo/,Hound,Small/ medium garden,Up to 30 minutes per day,Once a week,,
Portuguese Pointer (Imp),Sporting,50-65 cm,25-40 kg,Various,Over 10 years,Varies by breed - consult veterinarian,https://www.thekennelclub.org.uk/media/1176/portuguese-pointer-illustration-resized.jpg?rmode=crop&ranchor=center&width=81&height=81&v=1d57505518ab9f0,https://www.thekennelclub.org.uk/search/breeds-a-to-z/breeds/gundog/portuguese-pointer-imp/,Gundog,Large garden,Up to 1 hour per day,Once a week,,
Portuguese Water Dog,Working,20-35 cm,5-10 kg,Various,Over 10 years,Varies by breed - consult veterinarian,https://www.thekennelclub.org.uk/media/2970/portuguese-water-dog-illustration.jpg?rmode=crop&ranchor=center&width=81&height=81&v=1d5787bd3caee20,https://www.thekennelclub.org.uk/search/breeds-a-to-z/breeds/working/portuguese-water-dog/,Working,Small/ medium garden,Up to 1 hour per day,Every day,,
Pug,Toy,20-35 cm,5-10 kg,Various,Over 10 years,Varies by breed - consult veterinarian,https://www.thekennelclub.org.uk/media/1661/pug-illustration.jpg?rmode=crop&ranchor=center&width=81&height=81&v=1d57818831e0ab0,https://www.thekennelclub.org.uk/search/breeds-a-to-z/breeds/toy/pug/,Toy,Small/ medium garden,Up to 1 hour per day,Once a week,,
Pyrenean Mastiff (Imp),Working,50-65 cm,25-40 kg,Various,Under 10 years,Varies by breed - consult veterinarian,https://www.thekennelclub.org.uk/media/2967/pyrenean-mastiff-illustration.jpg?rmode=crop&ranchor=center&width=81&height=81&v=1d5787bdb702cd0,https://www.thekennelclub.org.uk/search/breeds-a-to-z/breeds/working/pyrenean-mastiff-imp/,Working,Large garden,Up to 1 hour per day,Every day,,
Pyrenean Mountain Dog,Herding,50-65 cm,25-40 kg,Various,Under 10 years,Varies by breed - consult veterinarian,https://www.thekennelclub.org.uk/media/1489/pyrenean-mountain-dog-illustration.jpg?rmode=crop&ranchor=center&width=81&height=81&v=1d57534b6fdc050,https://www.thekennelclub.org.uk/search/breeds-a-to-z/breeds/pastoral/pyrenean-mountain-dog/,Pastoral,Large garden,Up to 1 hour per day,More than once a week,,
Pyrenean Sheepdog (Long Haired),Herding,20-35 cm,5-10 kg,Various,Under 10 years,Varies by breed - consult veterinarian,https://www.thekennelclub.org.uk/media/1494/pyrenean-sheepdog-long-haired.jpg?rmode=crop&ranchor=center&width=81&height=81&v=1d82663e58b7790,https://www.thekennelclub.org.uk/search/breeds-a-to-z/breeds/pastoral/pyrenean-sheepdog-long-haired/,Pastoral,Small/ medium garden,Up to 1 hour per day,More than once a week,,
Pyrenean Sheepdog (Smooth Faced) (Imp),Herding,20-35 cm,5-10 kg,Various,Under 10 years,Varies by breed - consult veterinarian,https://www.thekennelclub.org.uk/media/4441/pyrenean-sheepdog-smooth-faced-illustration.jpg?rmode=crop&ranchor=center&width=81&height=81&v=1da9629446de810,https://www.thekennelclub.org.uk/search/breeds-a-to-z/breeds/pastoral/pyrenean-sheepdog-smooth-faced-imp/,Pastoral,Small/ medium garden,Up to 1 hour per day,More than once a week,,
Retriever (Chesapeake Bay),Sporting,50-65 cm,25-40 kg,Various,Over 10 years,Varies by breed - consult veterinarian,https://www.thekennelclub.org.uk/media/1177/retriever-chesapeake-bay-illustration-resized.jpg?rmode=crop&ranchor=center&width=81&height=81&v=1d575057134ce30,https://www.thekennelclub.org.uk/search/breeds-a-to-z/breeds/gundog/retriever-chesapeake-bay/,Gundog,Large garden,More than 2 hours per day,Once a week,,
Retriever (Curly Coated),Sporting,50-65 cm,25-40 kg,Various,Over 10 years,Varies by breed - consult veterinarian,https://www.thekennelclub.org.uk/media/1178/retriever-curly-coated-illustration-resized.jpg?rmode=crop&ranchor=center&width=81&height=81&v=1d575058e0360d0,https://www.thekennelclub.org.uk/search/breeds-a-to-z/breeds/gundog/retriever-curly-coated/,Gundog,Large garden,More than 2 hours per day,More than once a week,,
Retriever (Flat Coated),Sporting,50-65 cm,25-40 kg,Various,Under 10 years,Varies by breed - consult veterinarian,https://www.thekennelclub.org.uk/media/1183/retriever-flat-coated-illustration-resized.jpg?rmode=crop&ranchor=center&width=81&height=81&v=1d57505a44577c0,https://www.thekennelclub.org.uk/search/breeds-a-to-z/breeds/gundog/retriever-flat-coated/,Gundog,Large garden,More than 2 hours per day,More than once a week,,
Retriever (Golden),Sporting,50-65 cm,25-40 kg,Various,Over 10 years,Varies by breed - consult veterinarian,https://www.thekennelclub.org.uk/media/1184/retriever-golden-illustration-resized.jpg?rmode=crop&ranchor=center&width=81&height=81&v=1d57505bc8f6ca0,https://www.thekennelclub.org.uk/search/breeds-a-to-z/breeds/gundog/retriever-golden/,Gundog,Large garden,More than 2 hours per day,More than once a week,,
Retriever (Labrador),Sporting,50-65 cm,25-40 kg,Various,Over 10 years,Varies by breed - consult veterinarian,https://www.thekennelclub.org.uk/media/1185/retriever-labrador-illustration-resized.jpg?rmode=crop&ranchor=center&width=81&height=81&v=1d575063441aab0,https://www.thekennelclub.org.uk/search/breeds-a-to-z/breeds/gundog/retriever-labrador/,Gundog,Large garden,More than 2 hours per day,Once a week,,
Retriever (Nova Scotia Duck Tolling),Sporting,20-35 cm,5-10 kg,Various,Under 10 years,Varies by breed - consult veterinarian,https://www.thekennelclub.org.uk/media/1186/retriever-nova-scotia-duck-tolling-illustration-resized.jpg?rmode=crop&ranchor=center&width=81&height=81&v=1d575064a187cb0,https://www.thekennelclub.org.uk/search/breeds-a-to-z/breeds/gundog/retriever-nova-scotia-duck-tolling/,Gundog,Small/ medium garden,Up to 1 hour per day,More than once a week,,
Rhodesian Ridgeback,Hound,50-65 cm,25-40 kg,Various,Over 10 years,Varies by breed - consult veterinarian,https://www.thekennelclub.org.uk/media/2972/rhodesian-ridgeback-illustration.jpg?rmode=crop&ranchor=center&width=81&height=81&v=1d5750db2b8ae50,https://www.thekennelclub.org.uk/search/breeds-a-to-z/breeds/hound/rhodesian-ridgeback/,Hound,Large garden,More than 2 hours per day,Once a week,,
Rottweiler,Working,50-65 cm,25-40 kg,Various,Under 10 years,Varies by breed - consult veterinarian,https://www.thekennelclub.org.uk/media/2974/rottweiler.jpg?rmode=crop&ranchor=center&width=81&height=81&v=1d826642ee05af0,https://www.thekennelclub.org.uk/search/breeds-a-to-z/breeds/working/rottweiler/,Working,Large garden,More than 2 hours per day,Once a week,,
Russian Black Terrier,Working,50-65 cm,25-40 kg,Various,Over 10 years,Varies by breed - consult veterinarian,https://www.thekennelclub.org.uk/media/2973/russian-black-terrier-illustration.jpg?rmode=crop&ranchor=center&width=81&height=81&v=1d5787c13e7bdd0,https://www.thekennelclub.org.uk/search/breeds-a-to-z/breeds/working/russian-black-terrier/,Working,Large garden,More than 2 hours per day,Every day,,
Russian Toy,Toy,20-35 cm,5-10 kg,Various,Over 12 years,Varies by breed - consult veterinarian,https://www.thekennelclub.org.uk/media/3251/russian-toy.jpg?rmode=crop&ranchor=center&width=81&height=81&v=1d58fd904879fd0,https://www.thekennelclub.org.uk/search/breeds-a-to-z/breeds/toy/russian-toy/,Toy,Small/ medium garden,Up to 1 hour per day,Every day,,
Saluki,Hound,50-65 cm,25-40 kg,Various,Over 12 years,Varies by breed - consult veterinarian,https://www.thekennelclub.org.uk/media/2979/saluki-illustration.jpg?rmode=crop&ranchor=center&width=81&height=81&v=1d5750dc443cce0,https://www.thekennelclub.org.uk/search/breeds-a-to-z/breeds/hound/saluki/,Hound,Large garden,More than 2 hours per day,Once a week,,
Samoyed,Herding,50-65 cm,25-40 kg,Various,Over 10 years,Varies by breed - consult veterinarian,https://www.thekennelclub.org.uk/media/1495/samoyed-illustration.jpg?rmode=crop&ranchor=center&width=81&height=81&v=1d57535d1573ed0,https://www.thekennelclub.org.uk/search/breeds-a-to-z/breeds/pastoral/samoyed/,Pastoral,Large garden,More than 2 hours per day,Every day,,
Schipperke,Non-Sporting,20-35 cm,5-10 kg,Various,Over 12 years,Varies by breed - consult veterinarian,https://www.thekennelclub.org.uk/media/1731/schipperke-illustration.jpg?rmode=crop&ranchor=center&width=81&height=81&v=1d57826275267e0,https://www.thekennelclub.org.uk/search/breeds-a-to-z/breeds/utility/schipperke/,Utility,Small/ medium garden,Up to 1 hour per day,More than once a week,,
Schnauzer,Non-Sporting,20-35 cm,5-10 kg,Various,Over 10 years,Varies by breed - consult veterinarian,https://www.thekennelclub.org.uk/media/2975/schnauzer-illustration.jpg?rmode=crop&ranchor=center&width=81&height=81&v=1d57826607776f0,https://www.thekennelclub.org.uk/search/breeds-a-to-z/breeds/utility/schnauzer/,Utility,Small/ medium garden,Up to 1 hour per day,More than once a week,,
Scottish Terrier,Terrier,20-35 cm,5-10 kg,Various,Over 10 years,Varies by breed - consult veterinarian,https://www.thekennelclub.org.uk/media/1577/scottish-terrier-illustration.jpg?rmode=crop&ranchor=center&width=81&height=81&v=1d57815ec282d40,https://www.thekennelclub.org.uk/search/breeds-a-to-z/breeds/terrier/scottish-terrier/,Terrier,Small/ medium garden,Up to 1 hour per day,Every day,,
Sealyham Terrier,Terrier,20-35 cm,5-10 kg,Various,Over 10 years,Varies by breed - consult veterinarian,https://www.thekennelclub.org.uk/media/1580/sealyham-terrier-illustration.jpg?rmode=crop&ranchor=center&width=81&height=81&v=1d57815fd7139c0,https://www.thekennelclub.org.uk/search/breeds-a-to-z/breeds/terrier/sealyham-terrier/,Terrier,Small/ medium garden,Up to 1 hour per day,Every day,,
Shar Pei,Non-Sporting,20-35 cm,5-10 kg,Various,Over 10 years,Varies by breed - consult veterinarian,https://www.thekennelclub.org.uk/media/1737/shar-pei-illustration.jpg?rmode=crop&ranchor=center&width=81&height=81&v=1d5782671d67c70,https://www.thekennelclub.org.uk/search/breeds-a-to-z/breeds/utility/shar-pei/,Utility,Small/ medium garden,Up to 1 hour per day,Once a week,,
Shetland Sheepdog,Herding,20-35 cm,5-10 kg,Various,Over 10 years,Varies by breed - consult veterinarian,https://www.thekennelclub.org.uk/media/1498/shetland-sheepdog-illustration.jpg?rmode=crop&ranchor=center&width=81&height=81&v=1d57535eb1d2550,https://www.thekennelclub.org.uk/search/breeds-a-to-z/breeds/pastoral/shetland-sheepdog/,Pastoral,Small/ medium garden,Up to 1 hour per day,Every day,,
Shih Tzu,Non-Sporting,20-35 cm,5-10 kg,Various,Over 10 years,Varies by breed - consult veterinarian,https://www.thekennelclub.org.uk/media/2976/shih-tzu-illustration.jpg?rmode=crop&ranchor=center&width=81&height=81&v=1d578267ec29770,https://www.thekennelclub.org.uk/search/breeds-a-to-z/breeds/utility/shih-tzu/,Utility,Small/ medium garden,Up to 1 hour per day,Every day,,
Siberian Husky,Working,50-65 cm,25-40 kg,Various,Over 10 years,Varies by breed - consult veterinarian,https://www.thekennelclub.org.uk/media/2666/siberian-husky-illustration.jpg?rmode=crop&ranchor=center&width=81&height=81&v=1d5787c1ec480d0,https://www.thekennelclub.org.uk/search/breeds-a-to-z/breeds/working/siberian-husky/,Working,Large garden,More than 2 hours per day,More than once a week,,
Skye Terrier,Terrier,20-35 cm,5-10 kg,Various,Over 12 years,Varies by breed - consult veterinarian,https://www.thekennelclub.org.uk/media/1584/skye-terrier-illustration.jpg?rmode=crop&ranchor=center&width=81&height=81&v=1d57816137e8510,https://www.thekennelclub.org.uk/search/breeds-a-to-z/breeds/terrier/skye-terrier/,Terrier,Small/ medium garden,Up to 1 hour per day,More than once a week,,
Sloughi,Hound,50-65 cm,25-40 kg,Various,Under 10 years,Varies by breed - consult veterinarian,https://www.thekennelclub.org.uk/media/2980/sloughi-illustration.jpg?rmode=crop&ranchor=center&width=81&height=81&v=1d5750e506117f0,https://www.thekennelclub.org.uk/search/breeds-a-to-z/breeds/hound/sloughi/,Hound,Large garden,More than 2 hours per day,Once a week,,
Slovakian Rough Haired Pointer (Imp),Sporting,50-65 cm,25-40 kg,Various,Over 10 years,Varies by breed - consult veterinarian,https://www.thekennelclub.org.uk/media/1187/slovakian-rough-haired-pointer-illustration-resized.jpg?rmode=crop&ranchor=center&width=81&height=81&v=1d5750675ff8030,https://www.thekennelclub.org.uk/search/breeds-a-to-z/breeds/gundog/slovakian-rough-haired-pointer-imp/,Gundog,Large garden,Up to 1 hour per day,Once a week,,
Small Munsterlander (Imp)s,Sporting,20-35 cm,5-10 kg,Various,Over 10 years,Varies by breed - consult veterinarian,https://www.thekennelclub.org.uk/media/1188/small-munsterlander-illustration-resized.jpg?rmode=crop&ranchor=center&width=81&height=81&v=1d57506b06aa3d0,https://www.thekennelclub.org.uk/search/breeds-a-to-z/breeds/gundog/small-munsterlander-imp-s/,Gundog,Small/ medium garden,Up to 1 hour per day,Once a week,,
Soft Coated Wheaten Terrier,Terrier,20-35 cm,5-10 kg,Various,Over 12 years,Varies by breed - consult veterinarian,https://www.thekennelclub.org.uk/media/1586/soft-coated-wheaten-terrier-illustration.jpg?rmode=crop&ranchor=center&width=81&height=81&v=1d578162050af70,https://www.thekennelclub.org.uk/search/breeds-a-to-z/breeds/terrier/soft-coated-wheaten-terrier/,Terrier,Small/ medium garden,Up to 1 hour per day,Every day,,
Spaniel (American Cocker),Sporting,50-65 cm,25-40 kg,Various,Over 10 years,Varies by breed - consult veterinarian,https://www.thekennelclub.org.uk/media/1189/spaniel-american-cocker-illustration-resized.jpg?rmode=crop&ranchor=center&width=81&height=81&v=1d57506c458b8a0,https://www.thekennelclub.org.uk/search/breeds-a-to-z/breeds/gundog/spaniel-american-cocker/,Gundog,Large garden,More than 2 hours per day,Every day,,
Spaniel (American Water) (Imp),Sporting,20-35 cm,5-10 kg,Various,Over 10 years,Varies by breed - consult veterinarian,https://www.thekennelclub.org.uk/media/1190/spaniel-american-water-illustration-resized.jpg?rmode=crop&ranchor=center&width=81&height=81&v=1d57506d620e030,https://www.thekennelclub.org.uk/search/breeds-a-to-z/breeds/gundog/spaniel-american-water-imp/,Gundog,Small/ medium garden,Up to 1 hour per day,Once a week,,
Spaniel (Clumber),Sporting,20-35 cm,5-10 kg,Various,Over 10 years,Varies by breed - consult veterinarian,https://www.thekennelclub.org.uk/media/1191/spaniel-clumber-illustration-resized.jpg?rmode=crop&ranchor=center&width=81&height=81&v=1d57506ee79a220,https://www.thekennelclub.org.uk/search/breeds-a-to-z/breeds/gundog/spaniel-clumber/,Gundog,Small/ medium garden,Up to 1 hour per day,More than once a week,,
Spaniel (Cocker),Sporting,20-35 cm,5-10 kg,Various,Over 10 years,Varies by breed - consult veterinarian,https://www.thekennelclub.org.uk/media/1200/spaniel-cocker-illustration-resized.jpg?rmode=crop&ranchor=center&width=81&height=81&v=1d5750700f6e8e0,https://www.thekennelclub.org.uk/search/breeds-a-to-z/breeds/gundog/spaniel-cocker/,Gundog,Small/ medium garden,Up to 1 hour per day,Every day,,
Spaniel (English Springer),Sporting,50-65 cm,25-40 kg,Various,Over 10 years,Varies by breed - consult veterinarian,https://www.thekennelclub.org.uk/media/1193/spaniel-english-springer-illustration-resized.jpg?rmode=crop&ranchor=center&width=81&height=81&v=1d57507152477b0,https://www.thekennelclub.org.uk/search/breeds-a-to-z/breeds/gundog/spaniel-english-springer/,Gundog,Large garden,More than 2 hours per day,More than once a week,,
Spaniel (Field),Sporting,50-65 cm,25-40 kg,Various,Over 10 years,Varies by breed - consult veterinarian,https://www.thekennelclub.org.uk/media/1194/spaniel-field-illustration-resized.jpg?rmode=crop&ranchor=center&width=81&height=81&v=1d5750726e83270,https://www.thekennelclub.org.uk/search/breeds-a-to-z/breeds/gundog/spaniel-field/,Gundog,Large garden,More than 2 hours per day,More than once a week,,
Spaniel (Irish Water),Sporting,50-65 cm,25-40 kg,Various,Under 10 years,Varies by breed - consult veterinarian,https://www.thekennelclub.org.uk/media/1195/spaniel-irish-water-illustration-resized.jpg?rmode=crop&ranchor=center&width=81&height=81&v=1d575073c338d50,https://www.thekennelclub.org.uk/search/breeds-a-to-z/breeds/gundog/spaniel-irish-water/,Gundog,Large garden,More than 2 hours per day,More than once a week,,
Spaniel (Sussex),Sporting,50-65 cm,25-40 kg,Various,Over 10 years,Varies by breed - consult veterinarian,https://www.thekennelclub.org.uk/media/1196/spaniel-sussex-illustration-resized.jpg?rmode=crop&ranchor=center&width=81&height=81&v=1d57507da3bca30,https://www.thekennelclub.org.uk/search/breeds-a-to-z/breeds/gundog/spaniel-sussex/,Gundog,Large garden,More than 2 hours per day,More than once a week,,
Spaniel (Welsh Springer),Sporting,50-65 cm,25-40 kg,Various,Over 10 years,Varies by breed - consult veterinarian,https://www.thekennelclub.org.uk/media/1197/spaniel-welsh-springer-illustration-resized.jpg?rmode=crop&ranchor=center&width=81&height=81&v=1d57507ee644ff0,https://www.thekennelclub.org.uk/search/breeds-a-to-z/breeds/gundog/spaniel-welsh-springer/,Gundog,Large garden,More than 2 hours per day,More than once a week,,
Spanish Water Dog,Sporting,20-35 cm,5-10 kg,Various,Over 10 years,Varies by breed - consult veterinarian,https://www.thekennelclub.org.uk/media/2667/spanish-water.jpg?rmode=crop&ranchor=center&width=81&height=81&v=1d82665a2382310,https://www.thekennelclub.org.uk/search/breeds-a-to-z/breeds/gundog/spanish-water-dog/,Gundog,Small/ medium garden,Up to 1 hour per day,More than once a week,,
St. Bernard,Working,50-65 cm,25-40 kg,Various,Under 10 years,Varies by breed - consult veterinarian,https://www.thekennelclub.org.uk/media/2977/st-bernard-illustration.jpg?rmode=crop&ranchor=center&width=81&height=81&v=1d5787c2acf3c80,https://www.thekennelclub.org.uk/search/breeds-a-to-z/breeds/working/st-bernard/,Working,Large garden,Up to 1 hour per day,More than once a week,,
Staffordshire Bull Terrier,Terrier,20-35 cm,5-10 kg,Various,Over 12 years,Varies by breed - consult veterinarian,https://www.thekennelclub.org.uk/media/1589/staffordshire-bull-terrier-illustration.jpg?rmode=crop&ranchor=center&width=81&height=81&v=1d5781631991fb0,https://www.thekennelclub.org.uk/search/breeds-a-to-z/breeds/terrier/staffordshire-bull-terrier/,Terrier,Small/ medium garden,Up to 1 hour per day,Once a week,,
Swedish Lapphund (Imp),Herding,20-35 cm,5-10 kg,Various,Over 10 years,Varies by breed - consult veterinarian,https://www.thekennelclub.org.uk/media/1501/swedish-lapphund-illustration.jpg?rmode=crop&ranchor=center&width=81&height=81&v=1d5753605e4eb70,https://www.thekennelclub.org.uk/search/breeds-a-to-z/breeds/pastoral/swedish-lapphund-imp/,Pastoral,Small/ medium garden,Up to 1 hour per day,Once a week,,
Swedish Vallhund,Herding,20-35 cm,5-10 kg,Various,Over 10 years,Varies by breed - consult veterinarian,https://www.thekennelclub.org.uk/media/1504/swedish-vallhund-illustration.jpg?rmode=crop&ranchor=center&width=81&height=81&v=1d5753617f0abb0,https://www.thekennelclub.org.uk/search/breeds-a-to-z/breeds/pastoral/swedish-vallhund/,Pastoral,Small/ medium garden,Up to 1 hour per day,Once a week,,
Tibetan Mastiff,Working,50-65 cm,25-40 kg,Various,Over 10 years,Varies by breed - consult veterinarian,https://www.thekennelclub.org.uk/media/1923/tibetan-mastiff-illustration.jpg?rmode=crop&ranchor=center&width=81&height=81&v=1d5787c359b0f90,https://www.thekennelclub.org.uk/search/breeds-a-to-z/breeds/working/tibetan-mastiff/,Working,Large garden,Up to 1 hour per day,More than once a week,,
Tibetan Spaniel,Non-Sporting,20-35 cm,5-10 kg,Various,Over 12 years,Varies by breed - consult veterinarian,https://www.thekennelclub.org.uk/media/2981/tibetan-spaniel.jpg?rmode=crop&ranchor=center&width=81&height=81&v=1d8265780b42710,https://www.thekennelclub.org.uk/search/breeds-a-to-z/breeds/utility/tibetan-spaniel/,Utility,Small/ medium garden,Up to 1 hour per day,More than once a week,,
Tibetan Terrier,Non-Sporting,20-35 cm,5-10 kg,Various,Over 12 years,Varies by breed - consult veterinarian,https://www.thekennelclub.org.uk/media/2661/tibetan-terrier-illustration.jpg?rmode=crop&ranchor=center&width=81&height=81&v=1d5782694dd7750,https://www.thekennelclub.org.uk/search/breeds-a-to-z/breeds/utility/tibetan-terrier/,Utility,Small/ medium garden,Up to 1 hour per day,Every day,,
Turkish Kangal Dog,Herding,50-65 cm,25-40 kg,Various,Over 10 years,Varies by breed - consult veterinarian,https://www.thekennelclub.org.uk/media/1507/turkish-kangal-dog-illustration.jpg?rmode=crop&ranchor=center&width=81&height=81&v=1d5780fdc6f6c70,https://www.thekennelclub.org.uk/search/breeds-a-to-z/breeds/pastoral/turkish-kangal-dog/,Pastoral,Large garden,More than 2 hours per day,More than once a week,,
Weimaraner,Sporting,50-65 cm,25-40 kg,Various,Over 10 years,Varies by breed - consult veterinarian,https://www.thekennelclub.org.uk/media/1199/weimaraner-illustration-resized.jpg?rmode=crop&ranchor=center&width=81&height=81&v=1d66a448ade8e90,https://www.thekennelclub.org.uk/search/breeds-a-to-z/breeds/gundog/weimaraner/,Gundog,Large garden,More than 2 hours per day,Once a week,,
Welsh Corgi (Cardigan),Herding,20-35 cm,5-10 kg,Various,Over 12 years,Varies by breed - consult veterinarian,https://www.thekennelclub.org.uk/media/1510/welsh-corgi-cardigan.jpg?rmode=crop&ranchor=center&width=81&height=81&v=1d578103686a020,https://www.thekennelclub.org.uk/search/breeds-a-to-z/breeds/pastoral/welsh-corgi-cardigan/,Pastoral,Small/ medium garden,Up to 1 hour per day,More than once a week,,
Welsh Corgi (Pembroke),Herding,20-35 cm,5-10 kg,Various,Over 12 years,Varies by breed - consult veterinarian,https://www.thekennelclub.org.uk/media/1515/welsh-corgi-pembroke.jpg?rmode=crop&ranchor=center&width=81&height=81&v=1d5781031f4bbf0,https://www.thekennelclub.org.uk/search/breeds-a-to-z/breeds/pastoral/welsh-corgi-pembroke/,Pastoral,Small/ medium garden,Up to 1 hour per day,More than once a week,,
Welsh Terrier,Terrier,20-35 cm,5-10 kg,Various,Over 12 years,Varies by breed - consult veterinarian,https://www.thekennelclub.org.uk/media/1592/welsh-terrier-illustration.jpg?rmode=crop&ranchor=center&width=81&height=81&v=1d5781646ce3370,https://www.thekennelclub.org.uk/search/breeds-a-to-z/breeds/terrier/welsh-terrier/,Terrier,Small/ medium garden,Up to 1 hour per day,More than once a week,,
West Highland White Terrier,Terrier,20-35 cm,5-10 kg,Various,Over 12 years,Varies by breed - consult veterinarian,https://www.thekennelclub.org.uk/media/1595/west-highland-white-terrier-illustration.jpg?rmode=crop&ranchor=center&width=81&height=81&v=1d578165d59af70,https://www.thekennelclub.org.uk/search/breeds-a-to-z/breeds/terrier/west-highland-white-terrier/,Terrier,Small/ medium garden,Up to 1 hour per day,More than once a week,,
Whippet,Hound,20-35 cm,5-10 kg,Various,Over 12 years,Varies by breed - consult veterinarian,https://www.thekennelclub.org.uk/media/1405/whippet-illustration.png?rmode=crop&ranchor=center&width=81&height=81&v=1d664f95d896cd0,https://www.thekennelclub.org.uk/search/breeds-a-to-z/breeds/hound/whippet/,Hound,Small/ medium garden,Up to 1 hour per day,Once a week,,
White Swiss Shepherd Dog (Imp),Herding,50-65 cm,25-40 kg,Various,Over 10 years,Varies by breed - consult veterinarian,https://www.thekennelclub.org.uk/media/1516/white-swiss-shepherd-dog-illustration.jpg?rmode=crop&ranchor=center&width=81&height=81&v=1d578103f5d0bd0,https://www.thekennelclub.org.uk/search/breeds-a-to-z/breeds/pastoral/white-swiss-shepherd-dog-imp/,Pastoral,Large garden,More than 2 hours per day,More than once a week,,
Xoloitzcuintle (Mex Hairless) Int (Imp),Non-Sporting,20-35 cm,5-10 kg,Various,Over 10 years,Varies by breed - consult veterinarian,https://www.thekennelclub.org.uk/media/2982/xoloitzcuintle-int-illustration.jpg?rmode=crop&ranchor=center&width=81&height=81&v=1d57826a07a7d10,https://www.thekennelclub.org.uk/search/breeds-a-to-z/breeds/utility/xoloitzcuintle-mex-hairless-int-imp/,Utility,Small/ medium garden,Up to 1 hour per day,Once a week,,
Xoloitzcuintle (Mex Hairless) Min (Imp),Non-Sporting,20-35 cm,5-10 kg,Various,Over 10 years,Varies by breed - consult veterinarian,https://www.thekennelclub.org.uk/media/2662/xoloitzcuintle-mex-hairless-min.jpg?rmode=crop&ranchor=center&width=81&height=81&v=1d57826ac2b31e0,https://www.thekennelclub.org.uk/search/breeds-a-to-z/breeds/utility/xoloitzcuintle-mex-hairless-min-imp/,Utility,Small/ medium garden,Up to 1 hour per day,Once a week,,
Xoloitzcuintle (Mex Hairless) Std (Imp),Non-Sporting,20-35 cm,5-10 kg,Various,Over 10 years,Varies by breed - consult veterinarian,https://www.thekennelclub.org.uk/media/2983/xoloitzcuintle-mex-hairless-std-illustration.jpg?rmode=crop&ranchor=center&width=81&height=81&v=1d57826b7cfb1b0,https://www.thekennelclub.org.uk/search/breeds-a-to-z/breeds/utility/xoloitzcuintle-mex-hairless-std-imp/,Utility,Small/ medium garden,Up to 1 hour per day,Once a week,,
Yorkshire Terrier,Toy,20-35 cm,5-10 kg,Various,Over 12 years,Varies by breed - consult veterinarian,https://www.thekennelclub.org.uk/media/1665/yorkshire-terrier-illustration.jpg?rmode=crop&ranchor=center&width=81&height=81&v=1d57818b549f990,https://www.thekennelclub.org.uk/search/breeds-a-to-z/breeds/toy/yorkshire-terrier/,Toy,Small/ medium garden,Up to 30 minutes per day,Every day,,
